,School,Cases,County,State,Date
0,Alabama A&M University,8,Huntsville,Alabama,09-08-2020
1,Athens State University,2,Athens,Alabama,09-08-2020
2,Auburn University*,"1,074",Auburn,Alabama,09-08-2020
3,Auburn University at Montgomery,2,Montgomery,Alabama,09-08-2020
4,Jacksonville State University,219,Jacksonville,Alabama,09-08-2020
5,Samford University,95,Birmingham,Alabama,09-08-2020
6,Troy University,40,Troy,Alabama,09-08-2020
7,Troy University Dothan,6,Dothan,Alabama,09-08-2020
8,Troy University Montgomery,3,Montgomery,Alabama,09-08-2020
9,Troy University-Phenix City Campus,5,Phenix,Alabama,09-08-2020
10,Tuskegee University,24,Tuskeegee,Alabama,09-08-2020
11,University of Alabama,"1,367",Tuscaloosa,Alabama,09-08-2020
12,University of Alabama at Birmingham*,"1,027",Birmingham,Alabama,09-08-2020
13,University of Alabama in Huntsville,17,Huntsville,Alabama,09-08-2020
14,University of Montevallo,35,Montevallo,Alabama,09-08-2020
15,University of North Alabama,63,Florence,Alabama,09-08-2020
16,University of South Alabama,106,Mobile,Alabama,09-08-2020
17,University of Alaska Anchorage,3,Anchorage,Alaska,09-08-2020
18,University of Alaska Fairbanks,30,Fairbanks,Alaska,09-08-2020
19,University of Alaska Southeast,1,Juneau,Alaska,09-08-2020
20,Arizona State University,375,Tempe,Arizona,09-08-2020
21,Embry-Riddle Aeronautical University at Prescott,11,Prescott,Arizona,09-08-2020
22,Grand Canyon University,43,Phoenix,Arizona,09-08-2020
23,Midwestern University at Glendale,54,Glendale,Arizona,09-08-2020
24,Northern Arizona University,19,Flagstaff,Arizona,09-08-2020
25,University of Arizona,142,Tucson,Arizona,09-08-2020
26,Arkansas State University,41,Jonesboro,Arkansas,09-08-2020
27,Arkansas Tech University,6,Russellville,Arkansas,09-08-2020
28,Harding University,1,Searcy,Arkansas,09-08-2020
29,Henderson State University,14,Arkadelphia,Arkansas,09-08-2020
30,Hendrix College,1,Conway,Arkansas,09-08-2020
31,John Brown University,18,Siloam Springs,Arkansas,09-08-2020
32,Lyon College,4,Batesville,Arkansas,09-08-2020
33,National Park College,2,Hot Springs,Arkansas,09-08-2020
34,NorthWest Arkansas Community College,2,Bentonville,Arkansas,09-08-2020
35,Southern Arkansas University,70,Magnolia,Arkansas,09-08-2020
36,University of Arkansas,41,Fayetteville,Arkansas,09-08-2020
37,University of Arkansas Community College Rich Mountain,2,Mena,Arkansas,09-08-2020
38,University of Arkansas at Pine Bluff,24,Pine Bluff,Arkansas,09-08-2020
39,University of Central Arkansas,23,Conway,Arkansas,09-08-2020
40,University of the Ozarks,30,Clarksville,Arkansas,09-08-2020
41,Antelope Valley College,5,Lancaster,California,09-08-2020
42,Biola University,2,La Mirada,California,09-08-2020
43,California Institute of Technology,21,Pasadena,California,09-08-2020
44,California Lutheran University,4,Thousand Oaks,California,09-08-2020
45,"California Polytechnic State University, San Luis Obispo",57,San Luis Obispo,California,09-08-2020
46,"California State Polytechnic University, Pomona",12,Pomona,California,09-08-2020
47,California State University Maritime Academy,3,Vallejo,California,09-08-2020
48,"California State University, Bakersfield",3,Bakersfield,California,09-08-2020
49,"California State University, Channel Islands",1,Camarillo,California,09-08-2020
50,"California State University, Chico",78,Chico,California,09-08-2020
51,"California State University, Dominguez Hills",8,Carson,California,09-08-2020
52,"California State University, East Bay",16,Hayward,California,09-08-2020
53,"California State University, Long Beach",71,Long Beach,California,09-08-2020
54,"California State University, Los Angeles",65,Los Angeles,California,09-08-2020
55,"California State University, Monterey Bay",2,Marina,California,09-08-2020
56,"California State University, Northridge",26,Los Angeles,California,09-08-2020
57,"California State University, Sacramento",20,Sacramento,California,09-08-2020
58,"California State University, San Bernardino",4,San Bernardino,California,09-08-2020
59,"California State University, San Marcos",7,San Marcos,California,09-08-2020
60,Concordia University Irvine,2,Irvine,California,09-08-2020
61,Cypress College,8,Cypress,California,09-08-2020
62,Fresno State University,20,Fresno,California,09-08-2020
63,Harvey Mudd College,5,Claremont,California,09-08-2020
64,Holy Names University,1,Oakland,California,09-08-2020
65,Humboldt State University,7,Arcata,California,09-08-2020
66,Los Angeles Community College District,161,Los Angeles,California,09-08-2020
67,Loyola Marymount University,1,Los Angeles,California,09-08-2020
68,Menlo College,3,Atherton,California,09-08-2020
69,Occidental College,5,Los Angeles,California,09-08-2020
70,Pepperdine University,21,Malibu,California,09-08-2020
71,Rio Hondo College,8,Whittier,California,09-08-2020
72,Saint Mary's College of California,8,Moraga,California,09-08-2020
73,San Diego State University System,32,San Diego,California,09-08-2020
74,San Francisco State University,4,San Francisco,California,09-08-2020
75,San Jose State University,41,San Jose,California,09-08-2020
76,Santa Clara University,11,Santa Clara,California,09-08-2020
77,Santa Monica College,15,Santa Monica,California,09-08-2020
78,Scripps College,1,Claremont,California,09-08-2020
79,Shasta College,1,Redding,California,09-08-2020
80,Stanford University*,136,Stanford,California,09-08-2020
81,"University of California, Berkeley",146,Berkeley,California,09-08-2020
82,"University of California, Davis",70,Davis,California,09-08-2020
83,"University of California, Hastings College of Law",1,San Francisco,California,09-08-2020
84,"University of California, Irvine",97,Irvine,California,09-08-2020
85,"University of California, Los Angeles",126,Los Angeles,California,09-08-2020
86,"University of California, Merced",1,Merced,California,09-08-2020
87,"University of California, Riverside",56,Riverside,California,09-08-2020
88,"University of California, San Diego*",252,San Diego,California,09-08-2020
89,"University of California, Santa Barbara",11,Santa Barbara,California,09-08-2020
90,"University of California, Santa Cruz",16,Santa Cruz,California,09-08-2020
91,University of Redlands,5,Redlands,California,09-08-2020
92,University of San Diego,1,San Diego,California,09-08-2020
93,University of San Francisco,6,San Francisco,California,09-08-2020
94,University of Southern California,256,Los Angeles,California,09-08-2020
95,Adams State University,2,Alamosa,Colorado,09-08-2020
96,Arapahoe Community College,3,Littleton,Colorado,09-08-2020
97,Colorado Christian University,1,Lakewood,Colorado,09-08-2020
98,Colorado College,6,Colorado Springs,Colorado,09-08-2020
99,Colorado School of Mines,15,Golden,Colorado,09-08-2020
100,Colorado State University,100,Fort Collins,Colorado,09-08-2020
101,Fort Lewis College,18,Durango,Colorado,09-08-2020
102,Front Range Community College,2,Westminster,Colorado,09-08-2020
103,Metropolitan State University of Denver,4,Denver,Colorado,09-08-2020
104,Pikes Peak Community College,2,Colorado Springs,Colorado,09-08-2020
105,Regis University,1,Denver,Colorado,09-08-2020
106,University of Colorado Boulder,68,Boulder,Colorado,09-08-2020
107,University of Colorado Colorado Springs,3,Colorado Springs,Colorado,09-08-2020
108,University of Colorado Denver and Anschutz Medical Campus,1,Aurora,Colorado,09-08-2020
109,University of Denver,14,Denver,Colorado,09-08-2020
110,University of Northern Colorado,16,Greeley,Colorado,09-08-2020
111,Western Colorado University,12,Gunnison,Colorado,09-08-2020
112,Central Connecticut State University,30,New Britain,Connecticut,09-08-2020
113,Connecticut College,1,New London,Connecticut,09-08-2020
114,Sacred Heart University,6,Fairfield,Connecticut,09-08-2020
115,Trinity College,1,Hartford,Connecticut,09-08-2020
116,United States Coast Guard Academy,9,New London,Connecticut,09-08-2020
117,University of Connecticut*,186,Storrs,Connecticut,09-08-2020
118,University of Hartford,1,West Hartford,Connecticut,09-08-2020
119,Wesleyan University,1,MIddletown,Connecticut,09-08-2020
120,Yale University,126,New Haven,Connecticut,09-08-2020
121,Delaware State University,23,Dover,Delaware,09-08-2020
122,Delaware Technical Community College Dover,2,Dover,Delaware,09-08-2020
123,Delaware Technical Community College Georgetown,6,Georgetown,Delaware,09-08-2020
124,Delaware Technical Community College Stanton,3,Stanton,Delaware,09-08-2020
125,University of Delaware,30,Newark,Delaware,09-08-2020
126,Barry University,1,Miami,Florida,09-08-2020
127,Eckerd College,1,Saint Petersburg,Florida,09-08-2020
128,Embry-Riddle Aeronautical University at Daytona Beach,36,Daytona Beach,Florida,09-08-2020
129,Flagler College,1,St. Augustine,Florida,09-08-2020
130,Florida A&M University,9,Tallahassee,Florida,09-08-2020
131,Florida Atlantic University,6,Boca Raton,Florida,09-08-2020
132,Florida College,30,Temple Terrace,Florida,09-08-2020
133,Florida Gulf Coast University,18,Fort Myers,Florida,09-08-2020
134,Florida Institute of Technology,14,Melbourne,Florida,09-08-2020
135,Florida International University,139,Miami,Florida,09-08-2020
136,Florida Polytechnic University,9,Lakeland,Florida,09-08-2020
137,Florida State College at Jacksonville,14,Jacksonville,Florida,09-08-2020
138,Florida State University,129,Tallahassee,Florida,09-08-2020
139,Jacksonville University,16,Jacksonville,Florida,09-08-2020
140,Miami Dade College,122,Miami,Florida,09-08-2020
141,New College of Florida,2,Sarasota,Florida,09-08-2020
142,North Florida College,6,Madison,Florida,09-08-2020
143,Northwest Florida State College,8,Niceville,Florida,09-08-2020
144,Nova Southeastern University,1,Fort Lauderdale,Florida,09-08-2020
145,Palm Beach Atlantic University,20,West Palm Beach,Florida,09-08-2020
146,Polk State College,26,Winter Haven,Florida,09-08-2020
147,Rollins College,1,Winter Park,Florida,09-08-2020
148,South Florida State College,9,Avon Park,Florida,09-08-2020
149,St. Petersburg College,18,St. Petersburg,Florida,09-08-2020
150,"State College of Florida, Manatee-Sarasota",23,Bradenton,Florida,09-08-2020
151,Stetson University,30,DeLand,Florida,09-08-2020
152,University of Central Florida,754,Orlando,Florida,09-08-2020
153,University of Florida,196,Gainesville,Florida,09-08-2020
154,University of Miami*,197,Miami,Florida,09-08-2020
155,University of North Florida,35,Jacksonville,Florida,09-08-2020
156,University of South Florida*,238,Tampa,Florida,09-08-2020
157,University of South Florida Sarasota-Manatee,5,Sarasota,Florida,09-08-2020
158,"University of South Florida, St. Petersburg",12,St. Petersburg,Florida,09-08-2020
159,University of Tampa,4,Tampa,Florida,09-08-2020
160,University of West Florida,70,Pensacola,Florida,09-08-2020
161,Valencia College,21,Orlando,Florida,09-08-2020
162,Abraham Baldwin Agricultural College,35,Tifton,Georgia,09-08-2020
163,Agnes Scott College,1,Decatur,Georgia,09-08-2020
164,Albany State University,37,Albany,Georgia,09-08-2020
165,Augusta University,115,Augusta,Georgia,09-08-2020
166,Berry College,29,Mount Berry,Georgia,09-08-2020
167,Clayton State University,48,Morrow,Georgia,09-08-2020
168,College of Coastal Georgia,35,Brunswick,Georgia,09-08-2020
169,Dalton State College,9,Dalton,Georgia,09-08-2020
170,East Georgia State College,15,Swainsboro,Georgia,09-08-2020
171,Emory University,112,Atlanta,Georgia,09-08-2020
172,Fort Valley State University,26,Fort Valley,Georgia,09-08-2020
173,Georgia College & State University,594,Milledgeville,Georgia,09-08-2020
174,Georgia Gwinnett College,43,Lawrenceville,Georgia,09-08-2020
175,Georgia Highlands College,14,Rome,Georgia,09-08-2020
176,Georgia Institute of Technology,532,Atlanta,Georgia,09-08-2020
177,Georgia Military College,1,Milledgeville,Georgia,09-08-2020
178,Georgia Southern University,638,Statesboro,Georgia,09-08-2020
179,Georgia Southwestern State University,16,Americus,Georgia,09-08-2020
180,Georgia State University,107,Atlanta,Georgia,09-08-2020
181,LaGrange College,1,LaGrange,Georgia,09-08-2020
182,Mercer University,135,Macon,Georgia,09-08-2020
183,Middle Georgia State University,51,Macon,Georgia,09-08-2020
184,South Georgia State College,4,Douglas,Georgia,09-08-2020
185,University of Georgia,698,Athens,Georgia,09-08-2020
186,University of North Georgia,242,Dahlonega,Georgia,09-08-2020
187,University of West Georgia,93,Carrollton,Georgia,09-08-2020
188,Valdosta State University,51,Valdosta,Georgia,09-08-2020
189,Wesleyan College,10,Macon,Georgia,09-08-2020
190,Hawaii Pacific University,1,Honolulu,Hawaii,09-08-2020
191,Kapiolani Community College,2,Honolulu,Hawaii,09-08-2020
192,Leeward Community College,3,Pearl City,Hawaii,09-08-2020
193,University of Hawaii Maui College,1,Kahului,Hawaii,09-08-2020
194,University of Hawaii at Manoa,7,Honolulu,Hawaii,09-08-2020
195,Boise State University,50,Boise,Idaho,09-08-2020
196,Brigham Young University-Idaho,1,Rexburg,Idaho,09-08-2020
197,College of Idaho,22,Caldwell,Idaho,09-08-2020
198,College of Southern Idaho,3,Twin Falls,Idaho,09-08-2020
199,Idaho State University,44,Pocatello,Idaho,09-08-2020
200,Lewis-Clark State College,2,Lewiston,Idaho,09-08-2020
201,Northwest Nazarene University,1,Nampa,Idaho,09-08-2020
202,University of Idaho,83,Moscow,Idaho,09-08-2020
203,Aurora University,1,Aurora,Illinois,09-08-2020
204,Bradley University,21,Peoria,Illinois,09-08-2020
205,Chicago State University,17,Chicago,Illinois,09-08-2020
206,Concordia University Chicago,1,River Forest,Illinois,09-08-2020
207,DePaul University,1,Chicago,Illinois,09-08-2020
208,Dominican University,1,River Forest,Illinois,09-08-2020
209,Eastern Illinois University,70,Charleston,Illinois,09-08-2020
210,Elmhurst College,8,Elmhurst,Illinois,09-08-2020
211,Eureka College,1,Eureka,Illinois,09-08-2020
212,Governors State University,3,University Park,Illinois,09-08-2020
213,Greenville University,9,Greenville,Illinois,09-08-2020
214,Illinois Institute of Technology,30,Chicago,Illinois,09-08-2020
215,Illinois State University,"1,029",Normal,Illinois,09-08-2020
216,Illinois Wesleyan University,40,Bloomington,Illinois,09-08-2020
217,Lake Forest College,1,Lake Forest,Illinois,09-08-2020
218,Lewis University,1,Romeoville,Illinois,09-08-2020
219,Loyola University Chicago,1,Chicago,Illinois,09-08-2020
220,McKendree University,28,Lebanon,Illinois,09-08-2020
221,Midwestern University at Downers Grove,30,Downers Grove,Illinois,09-08-2020
222,Millikin University,3,Decatur,Illinois,09-08-2020
223,Monmouth College,3,Monmouth,Illinois,09-08-2020
224,North Central College,18,Naperville,Illinois,09-08-2020
225,North Park University,4,Chicago,Illinois,09-08-2020
226,Northeastern Illinois University,39,Chicago,Illinois,09-08-2020
227,Northern Illinois University,11,Dekalb,Illinois,09-08-2020
228,Northwestern University,59,Evanston,Illinois,09-08-2020
229,Olivet Nazarene University,9,Bourbonnais,Illinois,09-08-2020
230,Principia College,1,Elsah,Illinois,09-08-2020
231,Quincy University,3,Quincy,Illinois,09-08-2020
232,Saint Xavier University,4,Chicago,Illinois,09-08-2020
233,School of the Art Institute of Chicago,1,Chicago,Illinois,09-08-2020
234,Southern Illinois University Carbondale,6,Carbondale,Illinois,09-08-2020
235,Southern Illinois University Edwardsville,1,Edwardsville,Illinois,09-08-2020
236,University of Chicago,49,Chicago,Illinois,09-08-2020
237,University of Illinois Springfield,15,Springfield,Illinois,09-08-2020
238,University of Illinois Urbana-Champaign,772,Champaign,Illinois,09-08-2020
239,University of Illinois at Chicago,54,Chicago,Illinois,09-08-2020
240,Western Illinois University,32,Macomb,Illinois,09-08-2020
241,Wheaton College,3,Wheaton,Illinois,09-08-2020
242,Ball State University,590,Muncie,Indiana,09-08-2020
243,Butler University,53,Indianapolis,Indiana,09-08-2020
244,DePauw University,30,Greencastle,Indiana,09-08-2020
245,Goshen College,1,Goshen,Indiana,09-08-2020
246,Indiana State University,20,Terre Haute,Indiana,09-08-2020
247,Indiana University Bloomington,12,Bloomington,Indiana,09-08-2020
248,Purdue University,145,West Lafayette,Indiana,09-08-2020
249,Purdue University Fort Wayne,1,Fort Wayne,Indiana,09-08-2020
250,Purdue University Northwest,7,Hammond,Indiana,09-08-2020
251,Saint Mary's College,34,Notre Dame,Indiana,09-08-2020
252,Taylor University,3,Upland,Indiana,09-08-2020
253,Trine University,11,Angola,Indiana,09-08-2020
254,University of Evansville,14,Evansville,Indiana,09-08-2020
255,University of Notre Dame,579,Notre Dame,Indiana,09-08-2020
256,University of Southern Indiana,31,Evansville,Indiana,09-08-2020
257,Valparaiso University,9,Valparaiso,Indiana,09-08-2020
258,Wabash College,3,Crawfordsville,Indiana,09-08-2020
259,Clarke University,11,Dubuque,Iowa,09-08-2020
260,Coe College,24,Cedar Rapids,Iowa,09-08-2020
261,Dordt University,9,Sioux Center,Iowa,09-08-2020
262,Graceland University,7,Lamoni,Iowa,09-08-2020
263,Iowa State University,852,Ames,Iowa,09-08-2020
264,Iowa Wesleyan University,36,Mount Pleasant,Iowa,09-08-2020
265,Luther College,3,Decorah,Iowa,09-08-2020
266,Morningside College,4,Sioux City,Iowa,09-08-2020
267,Northwestern College,17,Orange City,Iowa,09-08-2020
268,Simpson College,7,Indianola,Iowa,09-08-2020
269,University of Iowa,962,Iowa City,Iowa,09-08-2020
270,University of Northern Iowa,78,Cedar Falls,Iowa,09-08-2020
271,Upper Iowa University,9,Fayette,Iowa,09-08-2020
272,Wartburg College,7,Waverly,Iowa,09-08-2020
273,William Penn University,30,Oskaloosa,Iowa,09-08-2020
274,Baker University,24,Baldwin City,Kansas,09-08-2020
275,Benedictine College,43,Atchison,Kansas,09-08-2020
276,Bethel College,54,North Newton,Kansas,09-08-2020
277,Butler Community College,27,El Dorado,Kansas,09-08-2020
278,Central Christian College,8,McPherson,Kansas,09-08-2020
279,Emporia State University,18,Emporia,Kansas,09-08-2020
280,Fort Hays State University,33,Hays,Kansas,09-08-2020
281,Johnson County Community College,26,Overland Park,Kansas,09-08-2020
282,Kansas State University,409,Manhattan,Kansas,09-08-2020
283,Kansas Wesleyan University,5,Salina,Kansas,09-08-2020
284,Labette Community College,5,Parsons,Kansas,09-08-2020
285,Newman University,4,Whichita,Kansas,09-08-2020
286,Pittsburg State University,96,Pittsburg,Kansas,09-08-2020
287,University of Kansas,540,Lawrence,Kansas,09-08-2020
288,Washburn University,30,Topeka,Kansas,09-08-2020
289,Wichita State University,35,Wichita,Kansas,09-08-2020
290,Alice Lloyd College,9,Pippa Passes,Kentucky,09-08-2020
291,Asbury University,2,Wilmore,Kentucky,09-08-2020
292,Bellarmine University,10,Louisville,Kentucky,09-08-2020
293,Berea College,2,Berea,Kentucky,09-08-2020
294,Big Sandy Community and Technical College,1,Prestonsburg,Kentucky,09-08-2020
295,Campbellsville University,7,Campbellsville,Kentucky,09-08-2020
296,Centre College,7,Danville,Kentucky,09-08-2020
297,Eastern Kentucky University,56,Richmond,Kentucky,09-08-2020
298,Elizabethtown Community and Technical College,3,Elizabethtown,Kentucky,09-08-2020
299,Georgetown College,27,Georgetown,Kentucky,09-08-2020
300,Henderson Community College,2,Henderson,Kentucky,09-08-2020
301,Kentucky State University,5,Frankfort,Kentucky,09-08-2020
302,Kentucky Wesleyan College,13,Owensboro,Kentucky,09-08-2020
303,Madisonville Community College,1,Madisonville,Kentucky,09-08-2020
304,Morehead State University,38,Morehead,Kentucky,09-08-2020
305,Murray State University,43,Murray,Kentucky,09-08-2020
306,Northern Kentucky University,3,Highland Heights,Kentucky,09-08-2020
307,Southcentral Kentucky Community and Technical College,6,Bowling Green,Kentucky,09-08-2020
308,Spalding University,1,Louisville,Kentucky,09-08-2020
309,Thomas More University,6,Crestview Hills,Kentucky,09-08-2020
310,Transylvania University,30,Lexington,Kentucky,09-08-2020
311,Union College,33,Barbourville,Kentucky,09-08-2020
312,University of Kentucky,760,Lexington,Kentucky,09-08-2020
313,University of Louisville,124,Louisville,Kentucky,09-08-2020
314,University of Pikeville,8,Pikeville,Kentucky,09-08-2020
315,University of the Cumberlands,3,Williamsburg,Kentucky,09-08-2020
316,West Kentucky Community and Technical College,3,Paducah,Kentucky,09-08-2020
317,Western Kentucky University,299,Bowling Green,Kentucky,09-08-2020
318,Centenary College of Louisiana,20,Shreveport,Louisiana,09-08-2020
319,Grambling State University,8,Grambling,Louisiana,09-08-2020
320,Louisiana State University,47,Baton Rouge,Louisiana,09-08-2020
321,Louisiana State University Alexandria,9,Alexandria,Louisiana,09-08-2020
322,"Louisiana State University Health Sciences Center, New Orleans*",232,New Orleans,Louisiana,09-08-2020
323,"Louisiana State University Health Sciences Center, Shreveport*",1,Shreveport,Louisiana,09-08-2020
324,Louisiana Tech University,25,Ruston,Louisiana,09-08-2020
325,Loyola University New Orleans,19,New Orleans,Louisiana,09-08-2020
326,Nicholls State University,60,Thibodaux,Louisiana,09-08-2020
327,Northwestern State University of Louisiana,30,Natchitoches,Louisiana,09-08-2020
328,Southeastern Louisiana University,1,Hammond,Louisiana,09-08-2020
329,Southern University Law Center,7,Baton Rouge,Louisiana,09-08-2020
330,Southern University and A&M College,42,Baton Rouge,Louisiana,09-08-2020
331,Southern University at New Orleans,15,New Orleans,Louisiana,09-08-2020
332,Tulane University of Louisiana,155,New Orleans,Louisiana,09-08-2020
333,University of Louisiana Monroe,15,Monroe,Louisiana,09-08-2020
334,University of Louisiana at Lafayette,6,Lafeyette,Louisiana,09-08-2020
335,University of New Orleans,8,New Orleans,Louisiana,09-08-2020
336,Bates College,3,Lewiston,Maine,09-08-2020
337,Colby College,7,Waterville,Maine,09-08-2020
338,Maine Maritime Academy,1,Castine,Maine,09-08-2020
339,University of Maine,6,Orono,Maine,09-08-2020
340,University of Maine Farmington,1,Farmington,Maine,09-08-2020
341,University of Maine at Fort Kent,1,Fort Kent,Maine,09-08-2020
342,University of New England,2,Biddeford,Maine,09-08-2020
343,University of Southern Maine,2,Portland,Maine,09-08-2020
344,Bowie State University,7,Bowie,Maryland,09-08-2020
345,Hood College,4,Frederick,Maryland,09-08-2020
346,Johns Hopkins University,1,Baltimore,Maryland,09-08-2020
347,McDaniel College,5,Westminster,Maryland,09-08-2020
348,Morgan State University,13,Baltimore,Maryland,09-08-2020
349,Mount St. Mary's University,17,Emmitsburg,Maryland,09-08-2020
350,Salisbury University,12,Salisbury,Maryland,09-08-2020
351,St. Mary's College of Maryland,4,St. Mary's City,Maryland,09-08-2020
352,Stevenson University,45,Stevenson,Maryland,09-08-2020
353,Towson University,124,Towson,Maryland,09-08-2020
354,United States Naval Academy,7,Annapolis,Maryland,09-08-2020
355,University of Maryland Eastern Shore,23,Princess Anne,Maryland,09-08-2020
356,"University of Maryland, Baltimore",1,Baltimore,Maryland,09-08-2020
357,"University of Maryland, Baltimore County",31,Baltimore,Maryland,09-08-2020
358,"University of Maryland, College Park",51,College Park,Maryland,09-08-2020
359,American International College,1,Springfield,Massachusetts,09-08-2020
360,Amherst College,3,Amherst,Massachusetts,09-08-2020
361,Anna Maria College,1,Paxton,Massachusetts,09-08-2020
362,Babson College,2,Wellesley,Massachusetts,09-08-2020
363,Bentley University,2,Waltham,Massachusetts,09-08-2020
364,Boston College,10,Chestnut Hill,Massachusetts,09-08-2020
365,Boston University,44,Boston,Massachusetts,09-08-2020
366,Brandeis University,9,Waltham,Massachusetts,09-08-2020
367,Clark University,4,Worcester,Massachusetts,09-08-2020
368,College of the Holy Cross,1,Worcester,Massachusetts,09-08-2020
369,Eastern Nazarene College,6,Quincy,Massachusetts,09-08-2020
370,Emerson College,3,Boston,Massachusetts,09-08-2020
371,Emmanuel College,4,Boston,Massachusetts,09-08-2020
372,Framingham State University,2,Framingham,Massachusetts,09-08-2020
373,Harvard University,34,Cambridge,Massachusetts,09-08-2020
374,Hebrew College,1,Newton Centre,Massachusetts,09-08-2020
375,Massachusetts College of Pharmacy and Health Sciences*,4,Boston,Massachusetts,09-08-2020
376,Massachusetts Institute of Technology,8,Cambridge,Massachusetts,09-08-2020
377,Mount Holyoke College,3,South Hadley,Massachusetts,09-08-2020
378,Northeastern University,10,Boston,Massachusetts,09-08-2020
379,Smith College,2,Northampton,Massachusetts,09-08-2020
380,Suffolk University,13,Boston,Massachusetts,09-08-2020
381,Tufts University,3,Medford,Massachusetts,09-08-2020
382,University of Massachusetts Amherst,12,Amherst,Massachusetts,09-08-2020
383,University of Massachusetts Boston,16,Boston,Massachusetts,09-08-2020
384,University of Massachusetts Dartmouth,1,Dartmouth,Massachusetts,09-08-2020
385,University of Massachusetts Lowell,2,Lowell,Massachusetts,09-08-2020
386,University of Massachusetts Medical School*,8,Worcester,Massachusetts,09-08-2020
387,Wellesley College,2,Wellesley,Massachusetts,09-08-2020
388,Western New England University,3,Springfield,Massachusetts,09-08-2020
389,Wheaton College,1,Norton,Massachusetts,09-08-2020
390,Williams College,1,Williamstown,Massachusetts,09-08-2020
391,Worcester Polytechnic Institute,3,Worcester,Massachusetts,09-08-2020
392,Worcester State University,33,Worcester,Massachusetts,09-08-2020
393,Adrian College,124,Adrian,Michigan,09-08-2020
394,Alma College,4,Alma,Michigan,09-08-2020
395,Andrews University,8,Berrien Springs,Michigan,09-08-2020
396,Aquinas College,4,Grand Rapids,Michigan,09-08-2020
397,Central Michigan University,142,Mount Pleasant,Michigan,09-08-2020
398,Davenport University,1,Grand Rapids,Michigan,09-08-2020
399,Eastern Michigan University,15,Ypsilanti,Michigan,09-08-2020
400,Ferris State University,10,Big Rapids,Michigan,09-08-2020
401,Finlandia University,2,Hancock,Michigan,09-08-2020
402,Grand Rapids Community College,2,Grand Rapids,Michigan,09-08-2020
403,Henry Ford College,2,Dearborn,Michigan,09-08-2020
404,Hope College,42,Holland,Michigan,09-08-2020
405,Lake Superior State University,1,Sault Ste. Marie,Michigan,09-08-2020
406,Michigan State University,49,East Lansing,Michigan,09-08-2020
407,Michigan Technological University,8,Houghton,Michigan,09-08-2020
408,Northern Michigan University,39,Marquette,Michigan,09-08-2020
409,Northwestern Michigan College,2,Traverse City,Michigan,09-08-2020
410,Oakland University,10,Rochester,Michigan,09-08-2020
411,Olivet College,4,Olivet,Michigan,09-08-2020
412,Saginaw Valley State University,9,University Center,Michigan,09-08-2020
413,Spring Arbor University,3,Spring Arbor,Michigan,09-08-2020
414,University of Detroit Mercy,5,Detroit,Michigan,09-08-2020
415,University of Michigan,322,Ann Arbor,Michigan,09-08-2020
416,Wayne State University,27,Detroit,Michigan,09-08-2020
417,Western Michigan University,69,Kalamazoo,Michigan,09-08-2020
418,Augsburg University,1,Minneapolis,Minnesota,09-08-2020
419,Bemidji State University,7,Bemidji,Minnesota,09-08-2020
420,Bethel University,3,Saint Paul,Minnesota,09-08-2020
421,Carleton College,7,Northfield,Minnesota,09-08-2020
422,Gustavus Adolphus College,2,Saint Peter,Minnesota,09-08-2020
423,Macalester College,4,St. Paul,Minnesota,09-08-2020
424,Martin Luther College,2,New Ulm,Minnesota,09-08-2020
425,Metropolitan State University,14,Saint Paul,Minnesota,09-08-2020
426,Minnesota State University Moorhead,7,Moorhead,Minnesota,09-08-2020
427,"Minnesota State University, Mankato",31,Mankato,Minnesota,09-08-2020
428,Saint Mary's University of Minnesota,16,Winona,Minnesota,09-08-2020
429,Southwest Minnesota State University,6,Marshall,Minnesota,09-08-2020
430,St. Cloud State University,1,St. Cloud,Minnesota,09-08-2020
431,St. Olaf College,31,Northfield,Minnesota,09-08-2020
432,University of Minnesota Twin Cities,79,Minneapolis,Minnesota,09-08-2020
433,Winona State University,25,Winona,Minnesota,09-08-2020
434,Delta State University,5,Cleveland,Mississippi,09-08-2020
435,Jackson State University,8,Jacksonville,Mississippi,09-08-2020
436,Millsaps College,10,Jackson,Mississippi,09-08-2020
437,Mississippi College,5,Clinton,Mississippi,09-08-2020
438,Mississippi State University,349,Mississippi State,Mississippi,09-08-2020
439,Mississippi University for Women*,23,Columbus,Mississippi,09-08-2020
440,Mississippi Valley State University,16,Itta Bena,Mississippi,09-08-2020
441,Rust College,1,Holly Springs,Mississippi,09-08-2020
442,University of Mississippi,325,Oxford,Mississippi,09-08-2020
443,University of Southern Mississippi,100,Hattiesburg,Mississippi,09-08-2020
444,Central Methodist University,47,Fayette,Missouri,09-08-2020
445,College of the Ozarks,2,Point Lookout,Missouri,09-08-2020
446,Crowder College,22,Neosho,Missouri,09-08-2020
447,Drury University,15,Springfield,Missouri,09-08-2020
448,Evangel University,48,Springfield,Missouri,09-08-2020
449,Fontbonne University,2,Saint Louis,Missouri,09-08-2020
450,Harris-Stowe State University,21,St. Louis,Missouri,09-08-2020
451,Lincoln University of Missouri,3,Jefferson City,Missouri,09-08-2020
452,Lindenwood University,5,St. Charles,Missouri,09-08-2020
453,Maryville University Saint Louis,32,St. Louis,Missouri,09-08-2020
454,Missouri Baptist University,13,St. Louis,Missouri,09-08-2020
455,Missouri Southern State University,4,Joplin,Missouri,09-08-2020
456,Missouri State University,333,Springfield,Missouri,09-08-2020
457,Missouri University of Science and Technology,27,Rolla,Missouri,09-08-2020
458,Missouri Western State University,1,St. Joseph,Missouri,09-08-2020
459,Northwest Missouri State University,276,Maryville,Missouri,09-08-2020
460,Saint Louis University,54,St. Louis,Missouri,09-08-2020
461,Southeast Missouri State University,30,Cape Girardeau,Missouri,09-08-2020
462,Southwest Baptist University,4,Bolivar,Missouri,09-08-2020
463,St. Louis College of Pharmacy*,6,St. Louis,Missouri,09-08-2020
464,St. Louis Community College,9,St. Louis,Missouri,09-08-2020
465,Stephens College,2,Columbia,Missouri,09-08-2020
466,Truman State University,23,Kirksville,Missouri,09-08-2020
467,University of Central Missouri,2,Warrensburg,Missouri,09-08-2020
468,University of Missouri,633,Columbia,Missouri,09-08-2020
469,University of Missouri-Kansas City,32,Kansas City,Missouri,09-08-2020
470,University of Missouri-St. Louis*,23,Bellerive Acres,Missouri,09-08-2020
471,Washington University in St. Louis,4,St. Louis,Missouri,09-08-2020
472,Webster University,2,Saint Louis,Missouri,09-08-2020
473,Westminster College,9,Fulton,Missouri,09-08-2020
474,William Jewell College,9,Liberty,Missouri,09-08-2020
475,William Woods University,24,Fulton,Missouri,09-08-2020
476,Carroll College,4,Helena,Montana,09-08-2020
477,Montana State University,36,Bozeman,Montana,09-08-2020
478,Chadron State College,25,Chadron,Nebraska,09-08-2020
479,"Concordia University, Nebraska",38,Seward,Nebraska,09-08-2020
480,Creighton University,119,Omaha,Nebraska,09-08-2020
481,Doane University,3,Crete,Nebraska,09-08-2020
482,Hastings College,6,Hastings,Nebraska,09-08-2020
483,Midland University,3,Fremont,Nebraska,09-08-2020
484,University of Nebraska Medical Center*,12,Omaha,Nebraska,09-08-2020
485,University of Nebraska at Kearney,8,Kearney,Nebraska,09-08-2020
486,University of Nebraska at Omaha,28,Omaha,Nebraska,09-08-2020
487,University of Nebraska-Lincoln,255,Lincoln,Nebraska,09-08-2020
488,College of Southern Nevada,44,Las Vegas,Nevada,09-08-2020
489,Nevada State College,9,Henderson,Nevada,09-08-2020
490,"University of Nevada, Las Vegas",75,Las Vegas,Nevada,09-08-2020
491,"University of Nevada, Reno",53,Reno,Nevada,09-08-2020
492,Dartmouth College,8,Hanover,New Hampshire,09-08-2020
493,Franklin Pierce University,9,Rindge,New Hampshire,09-08-2020
494,New England College,5,Henniker,New Hampshire,09-08-2020
495,Plymouth State University,14,Plymouth,New Hampshire,09-08-2020
496,Saint Anselm College,2,Manchester,New Hampshire,09-08-2020
497,Bloomfield College,14,Bloomfield,New Jersey,09-08-2020
498,Caldwell University,1,Caldwell,New Jersey,09-08-2020
499,Centenary University,1,Hackettstown,New Jersey,09-08-2020
500,Drew University,1,Madison,New Jersey,09-08-2020
501,Fairleigh Dickinson University,2,Teaneck,New Jersey,09-08-2020
502,Fairleigh Dickinson University Florham,2,Madison,New Jersey,09-08-2020
503,Kean University,4,Union,New Jersey,09-08-2020
504,Monmouth University,3,West Long Branch,New Jersey,09-08-2020
505,Montclair State University,9,Montclair,New Jersey,09-08-2020
506,New Jersey City University,1,Jersey City,New Jersey,09-08-2020
507,New Jersey Institute of Technology,6,Newark,New Jersey,09-08-2020
508,Princeton University,50,Princeton,New Jersey,09-08-2020
509,Ramapo College of New Jersey,22,Mahwah,New Jersey,09-08-2020
510,Rider University,5,Lawrenceville,New Jersey,09-08-2020
511,Rowan University,47,Glassboro,New Jersey,09-08-2020
512,Rutgers University,91,New Brunswick,New Jersey,09-08-2020
513,Saint Peter's University,4,Jersey City,New Jersey,09-08-2020
514,Seton Hall University,10,South Orange,New Jersey,09-08-2020
515,Stevens Institute of Technology,10,Hoboken,New Jersey,09-08-2020
516,William Paterson University,1,Wayne,New Jersey,09-08-2020
517,New Mexico Highlands University,7,Las Vegas,New Mexico,09-08-2020
518,New Mexico State University,39,Las Cruces,New Mexico,09-08-2020
519,Santa Fe Community College,1,Santa Fe,New Mexico,09-08-2020
520,University of New Mexico*,34,Albuquerque,New Mexico,09-08-2020
521,Western New Mexico University,9,Silver City,New Mexico,09-08-2020
522,Barnard College,1,New York City,New York,09-08-2020
523,CUNY Baruch College,32,New York City,New York,09-08-2020
524,CUNY Borough of Manhattan Community College,16,New York City,New York,09-08-2020
525,CUNY Bronx Community College,11,New York City,New York,09-08-2020
526,CUNY Brooklyn College,23,New York City,New York,09-08-2020
527,CUNY City College of New York,22,New York City,New York,09-08-2020
528,CUNY College of Staten Island,1,New York City,New York,09-08-2020
529,CUNY Guttman Community College,1,New York City,New York,09-08-2020
530,CUNY Hostos Community College,1,New York City,New York,09-08-2020
531,CUNY Hunter College,51,New York City,New York,09-08-2020
532,CUNY John Jay College of Criminal Justice,6,New York City,New York,09-08-2020
533,CUNY Kingsborough Community College,6,New York City,New York,09-08-2020
534,CUNY LaGuardia Community College,36,New York City,New York,09-08-2020
535,CUNY Lehman College,8,New York City,New York,09-08-2020
536,CUNY Medgar Evers College,1,New York City,New York,09-08-2020
537,CUNY New York City College of Technology,8,New York City,New York,09-08-2020
538,CUNY Queens College,18,New York City,New York,09-08-2020
539,CUNY Queensborough Community College,3,New York City,New York,09-08-2020
540,CUNY York College,35,New York City,New York,09-08-2020
541,Cazenovia College,2,Cazenovia,New York,09-08-2020
542,Clarkson University,10,Potsdam,New York,09-08-2020
543,Colgate University,4,Hamilton,New York,09-08-2020
544,Columbia University,6,New York City,New York,09-08-2020
545,Concordia College New York,6,Bronxville,New York,09-08-2020
546,Cornell University,34,Ithaca,New York,09-08-2020
547,Elmira College,2,Elmira,New York,09-08-2020
548,Hobart William Smith Colleges,1,Geneva,New York,09-08-2020
549,Hofstra University,13,Hempstead,New York,09-08-2020
550,Houghton College,1,Houghton,New York,09-08-2020
551,Ithaca College,2,Ithaca,New York,09-08-2020
552,Le Moyne College,27,Syracuse,New York,09-08-2020
553,Long Island University,1,Brookville,New York,09-08-2020
554,Manhattan College,23,New York City,New York,09-08-2020
555,Mercy College,12,Dobbs Ferry,New York,09-08-2020
556,Nazareth College,8,Rochester,New York,09-08-2020
557,New York University,8,New York City,New York,09-08-2020
558,Pratt Institute,2,New York City,New York,09-08-2020
559,Rensselaer Polytechnic Institute,3,Troy,New York,09-08-2020
560,Roberts Wesleyan College,1,Rochester,New York,09-08-2020
561,Rochester Institute of Technology,10,Rochester,New York,09-08-2020
562,SUNY Albany,1,Albany,New York,09-08-2020
563,SUNY Alfred State College of Technology,3,Alfred,New York,09-08-2020
564,SUNY Binghamton,28,Vestal,New York,09-08-2020
565,SUNY Brockport,2,Brockport,New York,09-08-2020
566,SUNY Buffalo State,15,Buffalo,New York,09-08-2020
567,SUNY Canton,1,Canton,New York,09-08-2020
568,SUNY College at Potsdam,8,Potsdam,New York,09-08-2020
569,SUNY College of Environmental Science and Forestry,1,Syracuse,New York,09-08-2020
570,SUNY Geneseo,4,Geneseo,New York,09-08-2020
571,SUNY Maritime College,5,New York City,New York,09-08-2020
572,SUNY New Paltz,34,New Paltz,New York,09-08-2020
573,SUNY Oneonta,177,Oneonta,New York,09-08-2020
574,SUNY Oswego,3,Oswego,New York,09-08-2020
575,SUNY Plattsburgh,5,Plattsburgh,New York,09-08-2020
576,SUNY Polytechnic Institute,3,Utica,New York,09-08-2020
577,SUNY Purchase College,12,Purchase,New York,09-08-2020
578,SUNY University at Buffalo,15,Buffalo,New York,09-08-2020
579,SUNY at Fredonia,4,Fredonia,New York,09-08-2020
580,Siena College,1,Loudonville,New York,09-08-2020
581,Skidmore College,2,Saratoga Springs,New York,09-08-2020
582,St. Bonaventure University,1,St. Bonaventure,New York,09-08-2020
583,St. Francis College,2,New York City,New York,09-08-2020
584,St. John's University,9,New York City,New York,09-08-2020
585,St. Joseph's College Long Island,1,Patchogue,New York,09-08-2020
586,St. Lawrence University,2,Canton,New York,09-08-2020
587,St. Thomas Aquinas College,1,Sparkill,New York,09-08-2020
588,Stony Brook University,2,Stony Brook,New York,09-08-2020
589,Syracuse University,31,Syracuse,New York,09-08-2020
590,The College of Saint Rose,1,Albany,New York,09-08-2020
591,"The Graduate Center, CUNY",1,New York City,New York,09-08-2020
592,The New School,2,New York City,New York,09-08-2020
593,United States Merchant Marine Academy,3,Kings Point,New York,09-08-2020
594,United States Military Academy West Point,109,West Point,New York,09-08-2020
595,University of Rochester,14,Rochester,New York,09-08-2020
596,Utica College,4,Utica,New York,09-08-2020
597,Vassar College,22,Poughkeepsie,New York,09-08-2020
598,Wagner College,2,New York City,New York,09-08-2020
599,Appalachian State University,254,Boone,North Carolina,09-08-2020
600,Belmont Abbey College,38,Belmont,North Carolina,09-08-2020
601,Brevard College,1,Brevard,North Carolina,09-08-2020
602,Campbell University,4,Bules Creek,North Carolina,09-08-2020
603,Carolinas College of Health Sciences*,2,Charlotte,North Carolina,09-08-2020
604,Catawba College,3,Salisbury,North Carolina,09-08-2020
605,Davidson College,14,Davidson,North Carolina,09-08-2020
606,Duke University,72,Durham,North Carolina,09-08-2020
607,Durham Technical Community College,3,Durham,North Carolina,09-08-2020
608,East Carolina University,971,Greenville,North Carolina,09-08-2020
609,Elizabeth City State University,12,Elizabeth City,North Carolina,09-08-2020
610,Elon University,21,Elon,North Carolina,09-08-2020
611,Fayetteville State University,36,Fayetteville,North Carolina,09-08-2020
612,Gardner-Webb University,20,Boiling Springs,North Carolina,09-08-2020
613,Greensboro College,7,Greensboro,North Carolina,09-08-2020
614,Guilford College,8,Greensboro,North Carolina,09-08-2020
615,High Point University,11,High Point,North Carolina,09-08-2020
616,Johnson C Smith University,1,Charlotte,North Carolina,09-08-2020
617,Lees-McRae College,3,Banner Elk,North Carolina,09-08-2020
618,Lenoir-Rhyne University,7,Hickory,North Carolina,09-08-2020
619,Meredith College,25,Raleigh,North Carolina,09-08-2020
620,North Carolina A&T State University,37,Greensboro,North Carolina,09-08-2020
621,North Carolina Central University,29,Durham,North Carolina,09-08-2020
622,North Carolina State University,871,Raleigh,North Carolina,09-08-2020
623,North Carolina Wesleyan College,4,Rocky Mount,North Carolina,09-08-2020
624,Pfeiffer University,2,Misenheimer,North Carolina,09-08-2020
625,Shaw University,2,Raleigh,North Carolina,09-08-2020
626,University of Mount Olive,1,Mount Olive,North Carolina,09-08-2020
627,University of North Carolina Asheville,11,Asheville,North Carolina,09-08-2020
628,University of North Carolina School of the Arts,4,Winston Salem,North Carolina,09-08-2020
629,University of North Carolina Wilmington,88,Wilmington,North Carolina,09-08-2020
630,University of North Carolina at Chapel Hill,"1,100",Chapel Hill,North Carolina,09-08-2020
631,University of North Carolina at Charlotte,5,Charlotte,North Carolina,09-08-2020
632,University of North Carolina at Greensboro,39,Greensboro,North Carolina,09-08-2020
633,University of North Carolina at Pembroke,193,Pembroke,North Carolina,09-08-2020
634,Wake Forest University,22,Winston-Salem,North Carolina,09-08-2020
635,Western Carolina University,82,Cullowhee,North Carolina,09-08-2020
636,William Peace University,2,Raleigh,North Carolina,09-08-2020
637,Wingate University,3,Wingate,North Carolina,09-08-2020
638,Winston-Salem State University,21,Winston-Salem,North Carolina,09-08-2020
639,Bismarck State College,4,Bismarck,North Dakota,09-08-2020
640,Dakota College at Bottineau,1,Bottineau,North Dakota,09-08-2020
641,Dickinson State University,23,Dickinson,North Dakota,09-08-2020
642,Mayville State University,4,Mayville,North Dakota,09-08-2020
643,Minot State University,11,Minot,North Dakota,09-08-2020
644,North Dakota State College of Science,5,Wahpeton,North Dakota,09-08-2020
645,North Dakota State University,72,Fargo,North Dakota,09-08-2020
646,University of North Dakota,530,Grand Forks,North Dakota,09-08-2020
647,Valley City State University,21,Valley City,North Dakota,09-08-2020
648,Williston State College,8,Williston,North Dakota,09-08-2020
649,Baldwin Wallace University,12,Berea,Ohio,09-08-2020
650,Bowling Green State University,43,Bowling Green,Ohio,09-08-2020
651,Bowling Green State University Firelands,1,Huron,Ohio,09-08-2020
652,Case Western Reserve University,10,Cleveland,Ohio,09-08-2020
653,Cedarville University,2,Cedarville,Ohio,09-08-2020
654,Cleveland State University,1,Cleveland,Ohio,09-08-2020
655,Columbus College of Art and Design,1,Columbus,Ohio,09-08-2020
656,Franciscan University of Steubenville,2,Steubenville,Ohio,09-08-2020
657,Heidelberg University,6,Tiffin,Ohio,09-08-2020
658,Hiram College,4,Hiram,Ohio,09-08-2020
659,Kent State University,24,Kent,Ohio,09-08-2020
660,Lake Erie College,3,Painesville,Ohio,09-08-2020
661,Marietta College,1,Marietta,Ohio,09-08-2020
662,Miami University Oxford,280,Oxford,Ohio,09-08-2020
663,Mount Saint Joseph University,1,Cincinnati,Ohio,09-08-2020
664,Northeast Ohio Medical University*,6,Rootstown,Ohio,09-08-2020
665,Oberlin College,2,Oberlin,Ohio,09-08-2020
666,Ohio Northern University,5,Ada,Ohio,09-08-2020
667,Ohio State University,514,Columbus,Ohio,09-08-2020
668,Ohio University,22,Athens,Ohio,09-08-2020
669,Ohio Wesleyan University,27,Delaware,Ohio,09-08-2020
670,Otterbein University,3,Westerville,Ohio,09-08-2020
671,Shawnee State University,1,Portsmouth,Ohio,09-08-2020
672,Sinclair Community College,10,Dayton,Ohio,09-08-2020
673,The College of Wooster,7,Wooster,Ohio,09-08-2020
674,Tiffin University,2,Tiffin,Ohio,09-08-2020
675,University of Akron,9,Akron,Ohio,09-08-2020
676,University of Cincinnati,77,Cincinnati,Ohio,09-08-2020
677,University of Dayton,911,Dayton,Ohio,09-08-2020
678,University of Mount Union,7,Alliance,Ohio,09-08-2020
679,University of Toledo,61,Toledo,Ohio,09-08-2020
680,Ursuline College,1,Pepper Pike,Ohio,09-08-2020
681,Walsh University,2,North Canton,Ohio,09-08-2020
682,Wilmington College,2,Wilmington,Ohio,09-08-2020
683,Wittenberg University,2,Springfield,Ohio,09-08-2020
684,Xavier University,15,Cincinnati,Ohio,09-08-2020
685,Cameron University,3,Lawton,Oklahoma,09-08-2020
686,East Central University,3,Ada,Oklahoma,09-08-2020
687,Northwestern Oklahoma State University,7,Alva,Oklahoma,09-08-2020
688,Oklahoma Christian University,14,Edmond,Oklahoma,09-08-2020
689,Oklahoma City University,1,Oklahoma City,Oklahoma,09-08-2020
690,Oklahoma State University,410,Stillwater,Oklahoma,09-08-2020
691,Oklahoma State University-Oklahoma City,1,Oklahoma City,Oklahoma,09-08-2020
692,Oral Roberts University,1,Tulsa,Oklahoma,09-08-2020
693,Southeastern Oklahoma State University,42,Durant,Oklahoma,09-08-2020
694,Southwestern Oklahoma State University,27,Weatherford,Oklahoma,09-08-2020
695,University of Central Oklahoma,76,Edmond,Oklahoma,09-08-2020
696,University of Oklahoma,173,Norman,Oklahoma,09-08-2020
697,University of Science and Arts of Oklahoma,1,Chickasha,Oklahoma,09-08-2020
698,University of Tulsa,8,Tulsa,Oklahoma,09-08-2020
699,Eastern Oregon University,3,La Grande,Oregon,09-08-2020
700,Lane Community College,1,Eugene,Oregon,09-08-2020
701,Lewis & Clark College,1,Portland,Oregon,09-08-2020
702,Linfield College,1,McMinnville,Oregon,09-08-2020
703,Oregon Health & Science University*,107,Portland,Oregon,09-08-2020
704,Oregon Institute of Technology,6,Klamath Falls,Oregon,09-08-2020
705,Oregon State University,3,Corvallis,Oregon,09-08-2020
706,Pacific University,1,Forest Grove,Oregon,09-08-2020
707,Portland State University,2,Portland,Oregon,09-08-2020
708,Reed College,6,Portland,Oregon,09-08-2020
709,Southern Oregon University,2,Ashland,Oregon,09-08-2020
710,University of Oregon,52,Eugene,Oregon,09-08-2020
711,Western Oregon University,1,Mounmouth,Oregon,09-08-2020
712,Willamette University,1,Salem,Oregon,09-08-2020
713,Albright College,1,Reading,Pennsylvania,09-08-2020
714,Allegheny College,6,Meadville,Pennsylvania,09-08-2020
715,Bloomsburg University of Pennsylvania,21,Bloomsburg,Pennsylvania,09-08-2020
716,Bucknell University,10,Lewisburg,Pennsylvania,09-08-2020
717,California University of Pennsylvania,1,California,Pennsylvania,09-08-2020
718,Carnegie Mellon University,9,Pittsburgh,Pennsylvania,09-08-2020
719,Clarion University of Pennsylvania,1,Clarion,Pennsylvania,09-08-2020
720,Drexel University,2,Philadelphia,Pennsylvania,09-08-2020
721,Edinboro University,1,Edinboro,Pennsylvania,09-08-2020
722,Elizabethtown College,6,Elizabethtown,Pennsylvania,09-08-2020
723,Franklin and Marshall College,2,Lancaster,Pennsylvania,09-08-2020
724,Gannon University,10,Erie,Pennsylvania,09-08-2020
725,Gettysburg College,9,Gettysburg,Pennsylvania,09-08-2020
726,Haverford College,1,Haverford,Pennsylvania,09-08-2020
727,Indiana University of Pennsylvania,1,Indiana,Pennsylvania,09-08-2020
728,Juniata College,5,Huntingdom,Pennsylvania,09-08-2020
729,Keystone College,3,La Plume,Pennsylvania,09-08-2020
730,La Salle University,2,Philadelphia,Pennsylvania,09-08-2020
731,Lafayette College,5,Easton,Pennsylvania,09-08-2020
732,Lock Haven University,2,Lock Haven,Pennsylvania,09-08-2020
733,Lycoming College,2,Williamsport,Pennsylvania,09-08-2020
734,Mansfield University of Pennsylvania,1,Mansfield,Pennsylvania,09-08-2020
735,Messiah University,4,Mechanicsburg,Pennsylvania,09-08-2020
736,Millersville University of Pennsylvania,5,Millersville,Pennsylvania,09-08-2020
737,Misericordia University,2,Dallas,Pennsylvania,09-08-2020
738,Moravian College,1,Bethlehem,Pennsylvania,09-08-2020
739,Mount Aloysius College,1,Cresson,Pennsylvania,09-08-2020
740,Penn State University,39,State College,Pennsylvania,09-08-2020
741,Penn State University Behrend,1,Erie,Pennsylvania,09-08-2020
742,Penn State University Harrisburg,1,Middletown,Pennsylvania,09-08-2020
743,Pennsylvania College of Technology,5,Williamsport,Pennsylvania,09-08-2020
744,Robert Morris University,2,Moon Township,Pennsylvania,09-08-2020
745,Saint Francis University,2,Loretto,Pennsylvania,09-08-2020
746,Saint Joseph's University,12,Philadelphia,Pennsylvania,09-08-2020
747,Shippensburg University of Pennsylvania,13,Shippensburg,Pennsylvania,09-08-2020
748,Slippery Rock University of Pennsylvania,3,Slippery Rock,Pennsylvania,09-08-2020
749,Swarthmore College,1,Swarthmore,Pennsylvania,09-08-2020
750,Temple University,134,Philadelphia,Pennsylvania,09-08-2020
751,Thiel College,1,Greenville,Pennsylvania,09-08-2020
752,University of Pennsylvania,211,Philadelphia,Pennsylvania,09-08-2020
753,University of Pittsburgh,119,Pittsburgh,Pennsylvania,09-08-2020
754,University of Scranton,5,Scranton,Pennsylvania,09-08-2020
755,Ursinus College,2,Collegeville,Pennsylvania,09-08-2020
756,Villanova University,1,Villanova,Pennsylvania,09-08-2020
757,West Chester University,1,West Chester,Pennsylvania,09-08-2020
758,Westminster College,3,New Wilmington,Pennsylvania,09-08-2020
759,Wilkes University,1,Wilkes-Barre,Pennsylvania,09-08-2020
760,York College of Pennsylvania,1,York,Pennsylvania,09-08-2020
761,University of Puerto Rico at Cayey,1,Cayey,Puerto Rico,09-08-2020
762,Brown University,1,Providence,Rhode Island,09-08-2020
763,Providence College,6,Providence,Rhode Island,09-08-2020
764,Rhode Island College,1,Providence,Rhode Island,09-08-2020
765,Roger Williams University,5,Bristol,Rhode Island,09-08-2020
766,University of Rhode Island,17,Kingston,Rhode Island,09-08-2020
767,Anderson University,8,Anderson,South Carolina,09-08-2020
768,Charleston Southern University,23,North Charleston,South Carolina,09-08-2020
769,Claflin University,1,Orangeburg,South Carolina,09-08-2020
770,Clemson University,336,Clemson,South Carolina,09-08-2020
771,Coastal Carolina University,66,Conway,South Carolina,09-08-2020
772,Furman University,7,Greenville,South Carolina,09-08-2020
773,Greenville Technical College,99,Greenville,South Carolina,09-08-2020
774,Limestone College,1,Gaffney,South Carolina,09-08-2020
775,Medical University of South Carolina*,1,Charleston,South Carolina,09-08-2020
776,Presbyterian College,16,Clinton,South Carolina,09-08-2020
777,Southern Wesleyan University,6,Central,South Carolina,09-08-2020
778,The Citadel,97,Charleston,South Carolina,09-08-2020
779,University of South Carolina,"1,192",Columbia,South Carolina,09-08-2020
780,University of South Carolina Aiken,18,Aiken,South Carolina,09-08-2020
781,University of South Carolina Beaufort,11,Blufton,South Carolina,09-08-2020
782,University of South Carolina Upstate,12,Spartanburg,South Carolina,09-08-2020
783,Winthrop University,1,Rock Hill,South Carolina,09-08-2020
784,Wofford College,12,Spartanburg,South Carolina,09-08-2020
785,Augustana University,31,Sioux Falls,South Dakota,09-08-2020
786,Black Hills State University,11,Spearfish,South Dakota,09-08-2020
787,Dakota State University,2,Madison,South Dakota,09-08-2020
788,Mount Marty College,21,Yankton,South Dakota,09-08-2020
789,Northern State University,24,Aberdeen,South Dakota,09-08-2020
790,South Dakota School of Mines and Technology,8,Rapid City,South Dakota,09-08-2020
791,South Dakota State University,91,Brookings,South Dakota,09-08-2020
792,University of South Dakota,242,Vermillion,South Dakota,09-08-2020
793,Austin Peay State University,70,Clarksville,Tennessee,09-08-2020
794,Bethel University,48,McKenzie,Tennessee,09-08-2020
795,Chattanooga State Community College,27,Chattanooga,Tennessee,09-08-2020
796,Christian Brothers University,1,Memphis,Tennessee,09-08-2020
797,Cleveland State Community College,10,Cleveland,Tennessee,09-08-2020
798,Columbia State Community College,26,Columbia,Tennessee,09-08-2020
799,Dyersburg State Community College,16,Dyersburg,Tennessee,09-08-2020
800,East Tennessee State University,130,Johnson City,Tennessee,09-08-2020
801,Jackson State Community College,16,Jackson,Tennessee,09-08-2020
802,Lincoln Memorial University,42,Harrogate,Tennessee,09-08-2020
803,Lipscomb University,72,Nashville,Tennessee,09-08-2020
804,Middle Tennessee State University,91,Murfreesboro,Tennessee,09-08-2020
805,Milligan University,11,Milligan College,Tennessee,09-08-2020
806,Motlow State Community College,23,Tullahoma,Tennessee,09-08-2020
807,Nashville State Community College,21,Nashville,Tennessee,09-08-2020
808,Northeast State Community College,18,Blountville,Tennessee,09-08-2020
809,Pellissippi State Community College,14,Knoxville,Tennessee,09-08-2020
810,Rhodes College,1,Memphis,Tennessee,09-08-2020
811,Roane State Community College,13,Harriman,Tennessee,09-08-2020
812,Southwest Tennessee Community College,3,Memphis,Tennessee,09-08-2020
813,Tennessee College of Applied Technology- Nashville,16,Nashville,Tennessee,09-08-2020
814,Tennessee College of Applied Technology-Athens,6,Athens,Tennessee,09-08-2020
815,Tennessee College of Applied Technology-Covington,4,Covington,Tennessee,09-08-2020
816,Tennessee College of Applied Technology-Crossville,16,Crossville,Tennessee,09-08-2020
817,Tennessee College of Applied Technology-Crump,9,Crump,Tennessee,09-08-2020
818,Tennessee College of Applied Technology-Dickson,19,Dickson,Tennessee,09-08-2020
819,Tennessee College of Applied Technology-Elizabethton,9,Elizabethton,Tennessee,09-08-2020
820,Tennessee College of Applied Technology-Harriman,2,Harriman,Tennessee,09-08-2020
821,Tennessee College of Applied Technology-Hartsville,4,Hartsville,Tennessee,09-08-2020
822,Tennessee College of Applied Technology-Jacksboro,4,Jacksboro,Tennessee,09-08-2020
823,Tennessee College of Applied Technology-Jackson,3,Jackson,Tennessee,09-08-2020
824,Tennessee College of Applied Technology-Knoxville,5,Knoxville,Tennessee,09-08-2020
825,Tennessee College of Applied Technology-Livingston,6,Livingston,Tennessee,09-08-2020
826,Tennessee College of Applied Technology-McKenzie,5,McKenzie,Tennessee,09-08-2020
827,Tennessee College of Applied Technology-McMinnville,5,McMinnville,Tennessee,09-08-2020
828,Tennessee College of Applied Technology-Memphis,5,Memphis,Tennessee,09-08-2020
829,Tennessee College of Applied Technology-Morristown,7,Morristown,Tennessee,09-08-2020
830,Tennessee College of Applied Technology-Murfreesboro,16,Murfreesboro,Tennessee,09-08-2020
831,Tennessee College of Applied Technology-Newbern,13,Newbern,Tennessee,09-08-2020
832,Tennessee College of Applied Technology-Oneida/Huntsville,2,Huntsville,Tennessee,09-08-2020
833,Tennessee College of Applied Technology-Paris,2,Paris,Tennessee,09-08-2020
834,Tennessee College of Applied Technology-Pulaski,2,Pulaski,Tennessee,09-08-2020
835,Tennessee College of Applied Technology-Ripley,17,Ripley,Tennessee,09-08-2020
836,Tennessee College of Applied Technology-Shelbyville,2,Shelbyville,Tennessee,09-08-2020
837,Tennessee College of Applied Technology-Whiteville,12,Whiteville,Tennessee,09-08-2020
838,Tennessee State University,1,Nashville,Tennessee,09-08-2020
839,Tennessee Technological University,6,Cookeville,Tennessee,09-08-2020
840,The University of the South,21,Sewanee,Tennessee,09-08-2020
841,Trevecca Nazarene University,5,Nashville,Tennessee,09-08-2020
842,Tusculum University,5,Greenville,Tennessee,09-08-2020
843,Union University,14,Jackson,Tennessee,09-08-2020
844,University of Memphis,15,Memphis,Tennessee,09-08-2020
845,University of Tennessee Health Science Center*,124,Memphis,Tennessee,09-08-2020
846,University of Tennessee at Chattanooga,282,Chattanooga,Tennessee,09-08-2020
847,University of Tennessee at Martin,55,Martin,Tennessee,09-08-2020
848,"University of Tennessee, Knoxville",419,Knoxville,Tennessee,09-08-2020
849,Vanderbilt University,37,Nashville,Tennessee,09-08-2020
850,Volunteer State Community College,27,Gallatin,Tennessee,09-08-2020
851,Walters State Community College,9,Morristown,Tennessee,09-08-2020
852,Abilene Christian University,38,Abilene,Texas,09-08-2020
853,Angelo State University,42,San Angelo,Texas,09-08-2020
854,Austin College,4,Sherman,Texas,09-08-2020
855,Austin Community College District,12,Austin,Texas,09-08-2020
856,Baylor University,689,Waco,Texas,09-08-2020
857,Brazosport College,1,Richwood,Texas,09-08-2020
858,Grayson College,6,Dension,Texas,09-08-2020
859,Houston Baptist University,2,Houston,Texas,09-08-2020
860,Lamar University,71,Beaumont,Texas,09-08-2020
861,Midland College,7,Midland,Texas,09-08-2020
862,Midwestern State University,19,Wichita Falls,Texas,09-08-2020
863,Odessa College,10,Odessa,Texas,09-08-2020
864,Prairie View A&M University,74,Prairie View,Texas,09-08-2020
865,Rice University,82,Houston,Texas,09-08-2020
866,Saint Edward's University,1,Austin,Texas,09-08-2020
867,Sam Houston State University,169,Huntsville,Texas,09-08-2020
868,Schreiner University,1,Kerriville,Texas,09-08-2020
869,South Texas College,67,McAllen,Texas,09-08-2020
870,Southern Methodist University,113,Dallas,Texas,09-08-2020
871,Southwestern University,5,Georgetown,Texas,09-08-2020
872,St. Mary's University,15,San Antonio,Texas,09-08-2020
873,Stephen F. Austin State University,42,Nacogdoches,Texas,09-08-2020
874,Sul Ross State University,1,Alpine,Texas,09-08-2020
875,Tarleton State University,48,Stephenville,Texas,09-08-2020
876,Texas A&M International University,41,Laredo,Texas,09-08-2020
877,Texas A&M University,752,College Station,Texas,09-08-2020
878,Texas A&M University-Central Texas,8,Kileen,Texas,09-08-2020
879,Texas A&M University-Commerce,33,Commerce,Texas,09-08-2020
880,Texas A&M University-Corpus Christi,15,Corpus Christi,Texas,09-08-2020
881,Texas A&M University-Kingsville,54,Kingsville,Texas,09-08-2020
882,Texas A&M University-San Antonio,28,San Antonio,Texas,09-08-2020
883,Texas A&M University-Texarkana,18,Texarkana,Texas,09-08-2020
884,Texas Christian University,883,Fort Worth,Texas,09-08-2020
885,Texas College,1,Tyler,Texas,09-08-2020
886,Texas Lutheran University,4,Seguin,Texas,09-08-2020
887,Texas Southern University,1,Houston,Texas,09-08-2020
888,Texas State University,232,San Marcos,Texas,09-08-2020
889,Texas Tech University,551,Lubbock,Texas,09-08-2020
890,Texas Tech University Health Sciences Center*,194,Lubbock,Texas,09-08-2020
891,Texas Tech University Health Sciences Center El Paso*,57,El Paso,Texas,09-08-2020
892,Texas Wesleyan University,16,Fort Worth,Texas,09-08-2020
893,Texas Womans University,11,Denton,Texas,09-08-2020
894,Trinity University,12,San Antonia,Texas,09-08-2020
895,Tyler Junior College,32,Tyler,Texas,09-08-2020
896,University of Dallas,4,Irving,Texas,09-08-2020
897,University of Houston,186,Houston,Texas,09-08-2020
898,University of Houston-Downtown,68,Houston,Texas,09-08-2020
899,University of Houston-Victoria,6,Victoria,Texas,09-08-2020
900,University of North Texas,37,Denton,Texas,09-08-2020
901,University of St. Thomas,2,Houston,Texas,09-08-2020
902,University of Texas Health Science Center at San Antonio*,210,San Antonio,Texas,09-08-2020
903,University of Texas Health Science Center at Tyler*,25,Tyler,Texas,09-08-2020
904,University of Texas Permian Basin,21,Odessa,Texas,09-08-2020
905,University of Texas Rio Grande Valley,101,Edinburg,Texas,09-08-2020
906,University of Texas Southwestern Medical Center*,256,Dallas,Texas,09-08-2020
907,University of Texas at Arlington,25,Arlington,Texas,09-08-2020
908,University of Texas at Austin,496,Austin,Texas,09-08-2020
909,University of Texas at Dallas,23,Dallas,Texas,09-08-2020
910,University of Texas at El Paso,103,El Paso,Texas,09-08-2020
911,University of Texas at San Antonio,5,San Antonio,Texas,09-08-2020
912,University of the Incarnate Word,1,San Antonio,Texas,09-08-2020
913,Wayland Baptist University,51,Plainview,Texas,09-08-2020
914,West Texas A&M University,24,Canyon,Texas,09-08-2020
915,Brigham Young University,188,Provo,Utah,09-08-2020
916,Dixie State University,15,St. George,Utah,09-08-2020
917,Snow College,2,Ephraim,Utah,09-08-2020
918,Southern Utah University,1,Cedar City,Utah,09-08-2020
919,University of Utah,188,Salt Lake City,Utah,09-08-2020
920,Utah State University,29,Logan,Utah,09-08-2020
921,Utah Valley University,1,Orem,Utah,09-08-2020
922,Weber State University,35,Ogden,Utah,09-08-2020
923,Westminster College,6,Salt Lake City,Utah,09-08-2020
924,Bennington College,1,Bennington,Vermont,09-08-2020
925,Castleton University,2,Castleton,Vermont,09-08-2020
926,Landmark College,1,Putney,Vermont,09-08-2020
927,Middlebury College,2,Middlebury,Vermont,09-08-2020
928,Norwich University,4,Northfield,Vermont,09-08-2020
929,University of Vermont,7,Burlington,Vermont,09-08-2020
930,Vermont Technical College,1,Randolph,Vermont,09-08-2020
931,University of the Virgin Islands,3,Charlotte Amalie,Virgin Islands,09-08-2020
932,Averett University,2,Danville,Virginia,09-08-2020
933,Bluefield College,28,Bluefield,Virginia,09-08-2020
934,Bridgewater College,2,Bridgewater,Virginia,09-08-2020
935,Christopher Newport University,4,Newport News,Virginia,09-08-2020
936,Danville Community College,4,Danville,Virginia,09-08-2020
937,Eastern Mennonite University,4,Harrisonburg,Virginia,09-08-2020
938,Eastern Virginia Medical School*,31,Norfolk,Virginia,09-08-2020
939,Ferrum College,3,Ferrum,Virginia,09-08-2020
940,George Mason University,10,Fairfax,Virginia,09-08-2020
941,Hampden-Sydney College,5,Hampden-Sydney,Virginia,09-08-2020
942,Hollins University,1,Roanoke,Virginia,09-08-2020
943,James Madison University,208,Harrisonburg,Virginia,09-08-2020
944,Longwood University,3,Farmville,Virginia,09-08-2020
945,Mary Baldwin University,1,Staunton,Virginia,09-08-2020
946,Marymount University,4,Arlington,Virginia,09-08-2020
947,Norfolk State University,2,Norfolk,Virginia,09-08-2020
948,Radford University,293,Radford,Virginia,09-08-2020
949,Roanoke College,36,Salem,Virginia,09-08-2020
950,Shenandoah University,15,Winchester,Virginia,09-08-2020
951,Southern Virginia University,2,Buena Vista,Virginia,09-08-2020
952,Sweet Briar College,7,Sweet Briar,Virginia,09-08-2020
953,University of Lynchburg,61,Lynchburg,Virginia,09-08-2020
954,University of Mary Washington,2,Fredericksburg,Virginia,09-08-2020
955,University of Richmond,9,Richmond,Virginia,09-08-2020
956,University of Virginia,119,Charlottesville,Virginia,09-08-2020
957,University of Virginia's College at Wise,2,Wise,Virginia,09-08-2020
958,Virginia Commonwealth University,122,Richmond,Virginia,09-08-2020
959,Virginia Highlands Community College,1,Abingdon,Virginia,09-08-2020
960,Virginia Military Institute,7,Lexington,Virginia,09-08-2020
961,Virginia Tech,178,Blacksburg,Virginia,09-08-2020
962,Virginia Union University,3,Richmond,Virginia,09-08-2020
963,Washington and Lee University,3,Lexington,Virginia,09-08-2020
964,William & Mary,2,Williamsburg,Virginia,09-08-2020
965,Centralia College,3,Centralia,Washington,09-08-2020
966,Clark College,1,Vancouver,Washington,09-08-2020
967,Clover Park Technical College,1,Lakewood,Washington,09-08-2020
968,Columbia Basin College,3,Pasco,Washington,09-08-2020
969,Eastern Washington University,14,Cheney,Washington,09-08-2020
970,Edmonds College,8,Lynnwood,Washington,09-08-2020
971,Gonzaga University,1,Spokane,Washington,09-08-2020
972,Green River College,3,Auburn,Washington,09-08-2020
973,Highline College,2,Des Moines,Washington,09-08-2020
974,Lake Washington Institute of Technology,1,Kirkland,Washington,09-08-2020
975,Lower Columbia College,1,Longview,Washington,09-08-2020
976,Northwest Indian College,2,Bellingham,Washington,09-08-2020
977,Olympic College,1,Bremerton,Washington,09-08-2020
978,Pierce College Fort Steilacoom,1,Lakewood,Washington,09-08-2020
979,Renton Technical College,2,Renton,Washington,09-08-2020
980,Seattle Central College,2,Seattle,Washington,09-08-2020
981,Seattle Pacific University,1,Seattle,Washington,09-08-2020
982,Seattle University,3,Seattle,Washington,09-08-2020
983,South Seattle College,1,Seattle,Washington,09-08-2020
984,Spokane Community College,5,Spokane,Washington,09-08-2020
985,Spokane Falls Community College,1,Spokane,Washington,09-08-2020
986,University of Puget Sound,9,Tacoma,Washington,09-08-2020
987,University of Washington,283,Seattle,Washington,09-08-2020
988,University of Washington Bothell,5,Bothell,Washington,09-08-2020
989,University of Washington Tacoma,10,Tacoma,Washington,09-08-2020
990,Washington State University,263,Pullman,Washington,09-08-2020
991,Wenatchee Valley College,2,Wenatchee,Washington,09-08-2020
992,Western Washington University,2,Bellingham,Washington,09-08-2020
993,Whatcom Community College,6,Bellingham,Washington,09-08-2020
994,Whitman College,2,Walla Walla,Washington,09-08-2020
995,American University,5,Washington,"Washington, D.C.",09-08-2020
996,Gallaudet University,1,Washington,"Washington, D.C.",09-08-2020
997,George Washington University,1,Washington,"Washington, D.C.",09-08-2020
998,Georgetown University,98,Washington,"Washington, D.C.",09-08-2020
999,University of the District of Columbia,1,Washington,"Washington, D.C.",09-08-2020
1000,Concord University,9,Athens,West Virginia,09-08-2020
1001,Davis & Elkins College,7,Elkins,West Virginia,09-08-2020
1002,Fairmont State University,5,Fairmont,West Virginia,09-08-2020
1003,Marshall University,55,Huntington,West Virginia,09-08-2020
1004,Potomac State College of West Virginia University,2,Keyser,West Virginia,09-08-2020
1005,Shepherd University,12,Shepherdstown,West Virginia,09-08-2020
1006,University of Charleston,14,Charleston,West Virginia,09-08-2020
1007,West Liberty University,3,West Liberty,West Virginia,09-08-2020
1008,West Virginia State University,23,Institute,West Virginia,09-08-2020
1009,West Virginia University,219,Morgantown,West Virginia,09-08-2020
1010,West Virginia University Institute of Technology,2,Montgomery,West Virginia,09-08-2020
1011,Wheeling University,2,Wheeling,West Virginia,09-08-2020
1012,Carroll University,7,Waukesha,Wisconsin,09-08-2020
1013,Edgewood College,12,Madison,Wisconsin,09-08-2020
1014,Lakeland University,13,Plymouth,Wisconsin,09-08-2020
1015,Marian University,16,Fond Du Lac,Wisconsin,09-08-2020
1016,Marquette University,128,Milwaukee,Wisconsin,09-08-2020
1017,Ripon College,2,Ripon,Wisconsin,09-08-2020
1018,Saint Norbert College,3,De Pere,Wisconsin,09-08-2020
1019,University of Wisconsin-Madison,145,Madison,Wisconsin,09-08-2020
1020,University of Wisconsin-Milwaukee,58,Milwaukee,Wisconsin,09-08-2020
1021,University of Wisconsin-Parkside,1,Somers,Wisconsin,09-08-2020
1022,University of Wisconsin-Whitewater,18,Whitewater,Wisconsin,09-08-2020
1023,Eastern Wyoming College,1,Torrington,Wyoming,09-08-2020
1024,University of Wyoming,50,Laramie,Wyoming,09-08-2020
