End Date,Source,Lat,Lon,Title,Location,Plan,Details,Date Reported,Link,Ongoing Public Health Situation,State Regulations,Testing Availibility/Turnaround,Transmission on College,Student Health/Safety,Other,Reversal Count,ZIP,FIPS,Classes Start Date,Days until Shift,Cases on Flip,Clusters on Flip,,,,
11/18/2020,[Source](https://healthy.brown.edu/updates/brown-community-parents-brown-returns-level-1-status-effective-nov-18),41.82617,-71.40385,Brown University,"Providence, RI",Suspended in-person instruction,semester,11/17/2020,https://healthy.brown.edu/updates/brown-community-parents-brown-returns-level-1-status-effective-nov-18,,,,,,,2,,,,,,,,,,
11/18/2020,[Source](https://www.westfield.ma.edu/news/view/westfield-state-university-advances-to-next-phase-of-curtailment),42.132698,-72.796503,Westfield State University,"Westfield, MA",Suspended in-person instruction,semester,11/16/2020,https://www.westfield.ma.edu/news/view/westfield-state-university-advances-to-next-phase-of-curtailment,,,,,,,3,,,,,,,,,,
11/18/2020,[Source](https://www.vinu.edu/web/external-relations/news-releases/-/blogs/vu-suspends-in-person-classes-for-rest-of-fall-semester?_com_liferay_blogs_web_portlet_BlogsPortlet_redirect=https%3A%2F%2Fwww.vinu.edu%2Fweb%2Fexternal-relations%2Fnews-releases%3Fp_p_id%3Dcom_liferay_blogs_web_portlet_BlogsPortlet%26p_p_lifecycle%3D0%26p_p_state%3Dnormal%26p_p_mode%3Dview%26_com_liferay_blogs_web_portlet_BlogsPortlet_cur%3D1%26_com_liferay_blogs_web_portlet_BlogsPortlet_delta%3D5),38.687766,-87.519939,Vincennes University,"Vincennes, IN",Suspended in-person instruction,semester,11/16/2020,https://www.vinu.edu/web/external-relations/news-releases/-/blogs/vu-suspends-in-person-classes-for-rest-of-fall-semester?_com_liferay_blogs_web_portlet_BlogsPortlet_redirect=https%3A%2F%2Fwww.vinu.edu%2Fweb%2Fexternal-relations%2Fnews-releases%3Fp_p_id%3Dcom_liferay_blogs_web_portlet_BlogsPortlet%26p_p_lifecycle%3D0%26p_p_state%3Dnormal%26p_p_mode%3Dview%26_com_liferay_blogs_web_portlet_BlogsPortlet_cur%3D1%26_com_liferay_blogs_web_portlet_BlogsPortlet_delta%3D5,,,,,,,1,,,,,,,,,,
11/18/2020,[Source](https://www.sjcme.edu/prepared/campus-health-dashboard-2/),43.826314,-70.483373,Saint Joseph's College of Maine,"Standish, ME",Suspended in-person instruction,semester,11/15/2020,https://www.sjcme.edu/prepared/campus-health-dashboard-2/,,,,,,,2,,,,,,,,,,
11/18/2020,[Source](https://www.strose.edu/2020/11/15/saint-rose-to-move-to-all-remote-classes-on-november-17-residence-halls-remain-open/),42.664297,-73.786661,The College of Saint Rose,"Albany, NY",Suspended in-person instruction,"semester, as of nov. 17",11/15/2020,https://www.strose.edu/2020/11/15/saint-rose-to-move-to-all-remote-classes-on-november-17-residence-halls-remain-open/,,,,,,,1,,,,,,,,,,
11/18/2020,[Source](https://nmu.edu/safe-on-campus/communications-students-july-1-2020),46.559751,-87.406568,Northern Michigan University,"Marquette, MI",Suspended in-person instruction,"semester, as of Nov. 18",11/15/2020,https://nmu.edu/safe-on-campus/communications-students-july-1-2020,,,,,,,1,,,,,,,,,,
11/18/2020,[Source](https://today.umd.edu/articles/nearly-all-undergraduate-courses-immediately-go-online-ce34ad4c-1032-4ab8-a7b7-926de975e124),38.988178,-76.944721,University of Maryland-College Park,"College Park, MD",Suspended in-person instruction,semester,11/13/2020,https://today.umd.edu/articles/nearly-all-undergraduate-courses-immediately-go-online-ce34ad4c-1032-4ab8-a7b7-926de975e124,,,,,,,3,,,,,,,,,,
11/18/2020,[Source](https://wp.kings.edu/moodle/2020/11/12/message-from-the-president-distance-courses-nov-17/),35.213399,-80.822283,King's College,"Wilkes-Barre, PA",Suspended in-person instruction,semester,11/12/2020,https://wp.kings.edu/moodle/2020/11/12/message-from-the-president-distance-courses-nov-17/,,,,,,,1,,,,,,,,,,
11/18/2020,[Source](https://chancellor.missouri.edu/messages/mizzou-to-temporarily-shift-to-remote-learning-after-thanksgiving/),38.94531,-92.328843,University of Missouri-Columbia,"Columbia, MO",Suspended in-person instruction,semester,11/12/2020,https://chancellor.missouri.edu/messages/mizzou-to-temporarily-shift-to-remote-learning-after-thanksgiving/,,,,,,,1,,,,,,,,,,
11/18/2020,[Source](https://news.syr.edu/blog/2020/11/11/residential-instruction-to-conclude-effective-thursday-nov-12-university-will-go-into-pause-mode/),43.040176,-76.136975,Syracuse University,"Syracuse, NY",Suspended in-person instruction,semester,11/11/2020,https://news.syr.edu/blog/2020/11/11/residential-instruction-to-conclude-effective-thursday-nov-12-university-will-go-into-pause-mode/,,,,,,,1,,,,,,,,,,
11/18/2020,[Source](https://www.hilbert.edu/news/2020/11/11/hilbert-college-to-transition-to-remote-instruction-on-november-13),42.75464,-78.820257,Hilbert College,"Hamburg, NY",Suspended in-person instruction,semester,11/11/2020,https://www.hilbert.edu/news/2020/11/11/hilbert-college-to-transition-to-remote-instruction-on-november-13,,,,,,,1,,,,,,,,,,
11/18/2020,[Source](https://www.stlawu.edu/always-forward/messages-community#Nov-10),44.589879,-75.161343,St. Lawrence University,"Canton, NY",Suspended in-person instruction,week,11/11/2020,https://www.stlawu.edu/always-forward/messages-community#Nov-10,,,,,,,1,,,,,,,,,,
11/18/2020,[Source](https://www.frostburg.edu/news/2020/11/FSU-Moves-to-Online-Instruction-for-Remainder-of-Semester.php),39.650918,-78.934293,Frostburg State University,"Frostburg, MD",Suspended in-person instruction,semester,11/11/2020,https://www.frostburg.edu/news/2020/11/FSU-Moves-to-Online-Instruction-for-Remainder-of-Semester.php,,,,,,,1,,,,,,,,,,
11/18/2020,[Source](https://www.shu.edu/health-intervention-communication/news/announcement-regarding-pivot-for-remainder-of-semester.cfm),40.742336,-74.246027,Seton Hall University,"South Orange, NJ",Suspended in-person instruction,semester,11/11/2020,https://www.shu.edu/health-intervention-communication/news/announcement-regarding-pivot-for-remainder-of-semester.cfm,,,,,,,3,,,,,,,,,,
11/18/2020,[Source](https://today.uic.edu/fall-semester-update-2),41.871837,-87.650503,University of Illinois at Chicago,"Chicago, IL",Suspended in-person instruction,semester,11/11/2020,https://today.uic.edu/fall-semester-update-2,,,,,,,1,,,,,,,,,,
11/18/2020,[Source](https://www.cwc.edu/about/news/2020-21-news/cwc-moves-to-phase-i-1.php),43.030556,-108.42674,Central Wyoming College,"Riverton, WY",Suspended in-person instruction,semester,11/11/2020,https://www.cwc.edu/about/news/2020-21-news/cwc-moves-to-phase-i-1.php,,,,,,,1,,,,,,,,,,
11/18/2020,[Source](https://www.uakron.edu/im/news/ua-to-move-to-remote-instruction-effective-nov-16#view),41.078551,-81.511679,University of Akron,"Akron, OH",Suspended in-person instruction,semester,11/11/2020,https://www.uakron.edu/im/news/ua-to-move-to-remote-instruction-effective-nov-16#view,,,,,,,1,,,,,,,,,,
11/18/2020,[Source](https://www.drake.edu/coronavirus/updates/leadership/?n=leadershipmessages-accordion&p=1),41.60129,-93.652163,Drake University,"Des Moines, IA",Suspended in-person instruction,semester,11/10/2020,https://www.drake.edu/coronavirus/updates/leadership/?n=leadershipmessages-accordion&p=1,,,,,,,1,,,,,,,,,,
11/18/2020,[Source](https://drive.google.com/file/d/179pXo5YNTmQvPF0I9s6tggG7wu-Z7UZ1/view),37.473636,-105.87964,Adams State University,"Alamoso, CO",Suspended in-person instruction,semester,11/10/2020,https://drive.google.com/file/d/179pXo5YNTmQvPF0I9s6tggG7wu-Z7UZ1/view,,,,,,,1,,,,,,,,,,
11/18/2020,[Source](www.livingstondaily.com/story/news/local/community/genoa-township/2020/11/10/cleary-university-covid-19-exposure-canceled-in-person-learning/6240818002/),42.586638,-83.879987,Cleary University,"Howell, MI",Suspended in-person instruction,semester,11/10/2020,www.livingstondaily.com/story/news/local/community/genoa-township/2020/11/10/cleary-university-covid-19-exposure-canceled-in-person-learning/6240818002/,,,,,,,1,,,,,,,,,,
11/18/2020,[Source](lamarcc.edu/coronavirus-information/),38.068886,-102.61614,Lamar Community College,"Lamar, CO",Suspended in-person instruction,2 weeks,11/10/2020,lamarcc.edu/coronavirus-information/,,,,,,,1,,,,,,,,,,
11/18/2020,[Source](https://www.niagara.edu/forwardniagara),43.137279,-79.036689,Niagara University,"Lewiston, NY",Suspended in-person instruction,semester,11/10/2020,https://www.niagara.edu/forwardniagara,,,,,,,1,,,,,,,,,,
11/18/2020,[Source](https://www.smumn.edu/about/covid-19-planning),44.044736,-91.695449,Saint Mary's University of Minnesota,"Winona, MN",Suspended in-person instruction,semester,11/10/2020,https://www.smumn.edu/about/covid-19-planning,,,,,,,1,,,,,,,,,,
11/18/2020,[Source](https://www.valpo.edu/looking-forward/campus-messages/the-final-weeks-of-the-semester/),41.462239,-87.040172,Valparaiso University,"Valparaiso, IN",Suspended in-person instruction,semester,11/10/2020,https://www.valpo.edu/looking-forward/campus-messages/the-final-weeks-of-the-semester/,,,,,,,1,,,,,,,,,,
11/18/2020,[Source](https://www.tompkinscortland.edu/college-info/fall-2020-reopening-plans),42.502006,-76.287586,Tompkins Cortland Community College,"Dryden, NY",Suspended in-person instruction,1 week,11/9/2020,https://www.tompkinscortland.edu/college-info/fall-2020-reopening-plans,,,,,,,3,,,,,,,,,,
11/18/2020,[Source](https://www.pueblocc.edu/COVID-19/),38.262124,-104.63626,Pueblo Community College,"Pueblo, CO",Suspended in-person instruction,semester,11/9/2020,https://www.pueblocc.edu/COVID-19/,,,,,,,1,,,,,,,,,,
11/18/2020,[Source](https://highlandcc.edu/pages/covid-19),42.283344,-89.67342,Highland Community College,"Highland, KS",Suspended in-person instruction,Nov. 9-11,11/8/2020,https://highlandcc.edu/pages/covid-19,,,,,,,1,,,,,,,,,,
11/18/2020,[Source](https://www.sacredheart.edu/offices--departments-directory/health-services/coronavirus/previous-community-updates/),41.220893,-73.243332,Sacred Heart University,"Fairfield, CT",Suspended in-person instruction,rest of semester,11/7/2020,https://www.sacredheart.edu/offices--departments-directory/health-services/coronavirus/previous-community-updates/,,,,,,,1,,,,,,,,,,
11/18/2020,[Source](https://www.bethel.edu/news/articles/2020/november/bethel-alert-11-6-20),37.04127,-76.409526,Bethel College,"St. Paul, MN",Suspended in-person instruction,week,11/6/2020,https://www.bethel.edu/news/articles/2020/november/bethel-alert-11-6-20,,,,,,,1,,,,,,,,,,
11/18/2020,[Source](https://www.lr.edu/coronavirus#fs-panel-21815),35.739968,-81.327598,Lenoir-Rhyne University,"Hickory, NC",Suspended in-person instruction,rest of semester,11/6/2020,https://www.lr.edu/coronavirus#fs-panel-21815,,,,,,,1,,,,,,,,,,
11/18/2020,[Source](https://www.wells.edu/news/2020/11/6/wells-extends-campus-pause-additional-week),42.742943,-76.696028,Wells College,"Aurora, NY",Extended suspension of in-person instruction,thru Nov. 15,11/6/2020,https://www.wells.edu/news/2020/11/6/wells-extends-campus-pause-additional-week,,,,,,,2,,,,,,,,,,
11/18/2020,[Source](https://lincolncollege.edu/covid-19),40.155442,-89.36153,Lincoln College,"Lincoln, IL",Suspended in-person instruction,as of nov. 6,11/5/2020,https://lincolncollege.edu/covid-19,,,,,,,2,,,,,,,,,,
11/16/2020,[Source](http://www.westfield.ma.edu/safe-fall-opening),42.132698,-72.796503,Westfield State University,"Westfield, MA",Suspended in-person instruction,,11/5/2020,http://www.westfield.ma.edu/safe-fall-opening,,,,,,,3,,,,,,,,,,
11/18/2020,[Source](https://wheatoncollege.blog/student-life-events/student-affairs/move-to-remote-learning-and-new-campus-restrictions/),41.870176,-88.099643,Wheaton College,"Norton, MA",Suspended in-person instruction,as of Nov. 6,11/5/2020,https://wheatoncollege.blog/student-life-events/student-affairs/move-to-remote-learning-and-new-campus-restrictions/,,,,,,,1,,,,,,,,,,
11/18/2020,[Source](https://www.monmouthcollege.edu/covid-19/cooldown-period/),40.914824,-90.63731,Monmouth College,"Monmouth, IL",Suspended in-person instruction,"Nov. 9, 2020",11/4/2020,https://www.monmouthcollege.edu/covid-19/cooldown-period/,,,,,,,1,,,,,,,,,,
11/18/2020,[Source](https://www.qu.edu/today/11042020-covid-orange-level.html),41.418915,-72.894117,Quinnipiac University,"Hamden, CT",Suspended in-person instruction,rest of week,11/3/2020,https://www.qu.edu/today/11042020-covid-orange-level.html,,,,,,,1,,,,,,,,,,
11/18/2020,[Source](https://www.smcvt.edu/return-to-campus/updates-and-community-messages/),44.494558,-73.167069,Saint Michael's College,"Colchester, VT",Extended suspension of in-person instruction,rest of semester,11/3/2020,https://www.smcvt.edu/return-to-campus/updates-and-community-messages/,,,,,,,2,,,,,,,,,,
11/6/2020,[Source](https://www.wells.edu/news/2020/11/3/wells-college-moving-remote-instruction-nov-3),42.742943,-76.696028,Wells College,"Aurora, NY",Suspended in-person instruction,rest of week,11/3/2020,https://www.wells.edu/news/2020/11/3/wells-college-moving-remote-instruction-nov-3,,,,,,,2,,,,,,,,,,
11/18/2020,[Source](https://www.assumption.edu/news-and-events/news/promoting-health-and-safety-campus-community),42.294226,-71.828991,Assumption University,"Worcester, MA",Suspended in-person instruction,1 week,10/30/2020,https://www.assumption.edu/news-and-events/news/promoting-health-and-safety-campus-community,,,,,,,2,,,,,,,,,,
11/18/2020,[Source](http://wordpress.lvc.edu/wordpress/lvcforward/2020/10/30/important-update-on-the-fall-semester-and-move-out-timing/),40.330604,-76.514431,Lebanon Valley College,"Annville, PA",Suspended in-person instruction,Starting Nov. 7,10/30/2020,http://wordpress.lvc.edu/wordpress/lvcforward/2020/10/30/important-update-on-the-fall-semester-and-move-out-timing/,,,,,,,1,,,,,,,,,,
11/18/2020,[Source](https://www.cookman.edu/COVID-19%20Precautions-Fall%20Semester%20Conclusion%202020.pdf),29.207195,-81.032946,Bethune-Cookman University,"Daytona Beach, FL",Suspended in-person instruction,rest of semester,10/26/2020,https://www.cookman.edu/COVID-19%20Precautions-Fall%20Semester%20Conclusion%202020.pdf,,,,,,,1,,,,,,,,,,
11/18/2020,[Source](https://www.keuka.edu/blog/keuka-college-complete-fall-2020-semester-remotely),42.615253,-77.090562,Keuka College,"Keuka, NY",Extended suspension of in-person instruction,thru semester,10/26/2020,https://www.keuka.edu/blog/keuka-college-complete-fall-2020-semester-remotely,,,,,,,2,,,,,,,,,,
11/3/2020,[Source](https://www.smcvt.edu/return-to-campus/updates-and-community-messages/),44.494558,-73.167069,Saint Michael's College,"Colchester, VT",Suspended in-person instruction,2 weeks,10/22/2020,https://www.smcvt.edu/return-to-campus/updates-and-community-messages/,,,,,,,2,,,,,,,,,,
11/18/2020,[Source](https://www.binghamton.edu/news/story/2719/binghamton-university-to-resume-in-person-classes),42.087868,-75.966889,Binghamton University,"Binghamton, NY",Resumed in-person instruction,Oct. 22,10/21/2020,https://www.binghamton.edu/news/story/2719/binghamton-university-to-resume-in-person-classes,,,,,,,2,,,,,,,,,,
11/18/2020,[Source](https://www.sjfc.edu/update/),43.116259,-77.513056,St. John Fisher College,"Rochester, NY",Suspended in-person instruction,Rest of semester,10/20/2020,https://www.sjfc.edu/update/,,,,,,,1,,,,,,,,,,
11/18/2020,[Source](https://www.suny.edu/suny-news/press-releases/10-20/10-20-20/cortland-pause-extended.html),42.598022,-76.188655,SUNY Cortland,"Cortland, NY",Extended suspension of in-person instruction,2 weeks,10/20/2020,https://www.suny.edu/suny-news/press-releases/10-20/10-20-20/cortland-pause-extended.html,,,,,,,2,,,,,,,,,,
11/18/2020,[Source](https://record.umich.edu/articles/more-undergrad-courses-going-online-after-stay-in-place-order/),42.275921,-83.742769,University of Michigan-Ann Arbor,"Ann Arbor, MI",Suspended in-person instruction,2 weeks,10/20/2020,https://record.umich.edu/articles/more-undergrad-courses-going-online-after-stay-in-place-order/,,,,,,,1,,,,,,,,,,
11/18/2020,[Source](https://www.monmouth.edu/covid-19/resuming-in-person-and-hybrid-instruction-effective-october-21/),40.280066,-74.006447,Monmouth University,"West Long Branch, NJ",Resumed in-person instruction,,10/16/2020,https://www.monmouth.edu/covid-19/resuming-in-person-and-hybrid-instruction-effective-october-21/,,,,,,,2,,,,,,,,,,
11/18/2020,[Source](https://wooster.edu/info/fall-2020-guide/updates/10-16/),40.81046,-81.934674,The College of Wooster,"Wooster, OH",Expanded in-person instruction,end of semester,10/16/2020,https://wooster.edu/info/fall-2020-guide/updates/10-16/,,,,,,,4,,,,,,,,,,
10/16/2020,[Source](https://www.wooster.edu/info/fall-2020-guide/updates/10-15/),40.81046,-81.934674,The College of Wooster,"Wooster, OH",Extended suspension of in-person instruction,1 week,10/15/2020,https://www.wooster.edu/info/fall-2020-guide/updates/10-15/,,,,,,,4,,,,,,,,,,
11/18/2020,[Source](http://newhaven.edu/reopening/notifications-and-faq.php),41.291314,-72.961472,University of New Haven,"New Haven, CT",Suspended in-person instruction,1 week,10/12/2020,http://newhaven.edu/reopening/notifications-and-faq.php,,,,,,,1,,,,,,,,,,
11/18/2020,[Source](https://www.iona.edu/offices/health-wellness-safety/information-coronavirus-covid-19/communications),40.925725,-73.788046,Iona College,"New Rochelle, NY",Suspended in-person instruction,2 weeks,10/11/2020,https://www.iona.edu/offices/health-wellness-safety/information-coronavirus-covid-19/communications,,,,,,,1,,,,,,,,,,
11/18/2020,[Source](https://www.presby.edu/campus-life/campus-health-notice-novel-coronavirus/past-covid-19-communications/),34.465834,-81.87448,Presbyterian College,"Clinton, SC",Suspended in-person instruction,2 weeks,10/11/2020,https://www.presby.edu/campus-life/campus-health-notice-novel-coronavirus/past-covid-19-communications/,,,,,,,1,,,,,,,,,,
10/16/2020,[Source](https://wooster.edu/info/fall-2020-guide/updates/10-10/index.php),40.81046,-81.934674,The College of Wooster,"Wooster, OH",Suspended in-person instruction,1 week,10/11/2020,https://wooster.edu/info/fall-2020-guide/updates/10-10/index.php,,,,,,,4,,,,,,,,,,
11/18/2020,[Source](https://brevard.edu/covid-19-updates/),35.236763,-82.729494,Brevard College,"Brevard, NC",Suspended in-person instruction,1 week,10/10/2020,https://brevard.edu/covid-19-updates/,,,,,,,1,,,,,,,,,,
11/18/2020,[Source](https://www.fairfield.edu/undergraduate/student-life-and-services/health-and-wellness/health-center/emergencies/coronavirus/university-communications/index.html),41.157673,-73.255903,Fairfield University,"Fairfield, CT",Quarantine for off-campus students,2 weeks,10/9/2020,https://www.fairfield.edu/undergraduate/student-life-and-services/health-and-wellness/health-center/emergencies/coronavirus/university-communications/index.html,,,,,,,1,,,,,,,,,,
10/26/2020,[Source](https://www.keuka.edu/blog/keuka-college-transitioning-distancing-learning),42.615253,-77.090562,Keuka College,"Keuka, NY",Suspended in-person instruction,2 weeks,10/8/2020,https://www.keuka.edu/blog/keuka-college-transitioning-distancing-learning,,,,,,,2,,,,,,,,,,
11/18/2020,[Source](https://www2.lehigh.edu/news/10820-new-campus-wide-directive-and-covid-19-test-results),40.606822,-75.380236,Lehigh University,"Bethlehem, PA",Extended suspension of in-person instruction,2 weeks,10/8/2020,https://www2.lehigh.edu/news/10820-new-campus-wide-directive-and-covid-19-test-results,,,,,,,3,,,,,,,,,,
11/18/2020,[Source](https://www.marist.edu/-/coronavirus-message-10-08-2020),41.720937,-73.935484,Marist College,"Poughkeepsie, NY",Suspended in-person instruction,Oct. 9-10,10/8/2020,https://www.marist.edu/-/coronavirus-message-10-08-2020,,,,,,,1,,,,,,,,,,
11/18/2020,[Source](https://www.oak.edu/coronavirus-covid-19),38.340891,-87.35144,Oakland City University,"Oakland City, IN",Suspended in-person instruction,2 weeks,10/8/2020,https://www.oak.edu/coronavirus-covid-19,,,,,,,1,,,,,,,,,,
10/21/2020,[Source](https://www.facebook.com/51791915551/posts/10158484738130552/),42.087868,-75.966889,Binghamton University,"Binghamton, NY",Suspended in-person instruction,2 weeks,10/7/2020,https://www.facebook.com/51791915551/posts/10158484738130552/,,,,,,,2,,,,,,,,,,
11/18/2020,[Source](https://myec.elmira.edu/ICS/icsfs/mm/ec_community_update_100720.pdf?target=348a1181-c3e4-495e-9a41-4365358df692),42.0961,-76.813459,Elmira College,"Elmira, NY",Extended suspension of in-person instruction,Oct. 16,10/7/2020,https://myec.elmira.edu/ICS/icsfs/mm/ec_community_update_100720.pdf?target=348a1181-c3e4-495e-9a41-4365358df692,,,,,,,2,,,,,,,,,,
11/18/2020,[Source](https://www.trincoll.edu/reopening/covid-19-update-alert-level-raised-to-orange/),41.747451,-72.690882,Trinity College,"Hartford, CT",Suspended in-person instruction,12-Oct,10/7/2020,https://www.trincoll.edu/reopening/covid-19-update-alert-level-raised-to-orange/,,,,,,,1,,,,,,,,,,
11/18/2020,[Source](https://covid.jwu.edu/pvd-news/providence-campus-update-postponing-august-commencement-b7w48-46ben),41.819956,-71.41277,Johnson & Wales University-Providence,"Providence, RI",Suspended in-person instruction,,10/5/2020,https://covid.jwu.edu/pvd-news/providence-campus-update-postponing-august-commencement-b7w48-46ben,,,,,,,1,,,,,,,,,,
11/18/2020,[Source](https://daily.kellogg.edu/2020/10/05/kcc-to-convert-most-face-to-face-classes-to-online-for-remainder-of-semester/),42.335638,-85.177329,Kellogg Community College,"Battle Creek, MI",Suspended in-person instruction,rest of semester,10/5/2020,https://daily.kellogg.edu/2020/10/05/kcc-to-convert-most-face-to-face-classes-to-online-for-remainder-of-semester/,,,,,,,1,,,,,,,,,,
10/20/2020,[Source](http://www2.cortland.edu/offices/student-health-service/coronavirus/detail.dot?id=0bd93eed-a0ed-4601-841d-d2b52ee47f30),42.598022,-76.188655,SUNY Cortland,"Cortland, NY",Suspended in-person instruction,2 weeks,10/5/2020,http://www2.cortland.edu/offices/student-health-service/coronavirus/detail.dot?id=0bd93eed-a0ed-4601-841d-d2b52ee47f30,,,,,,,2,,,,,,,,,,
11/18/2020,[Source](https://www.suny.edu/suny-news/press-releases/10-20/10-3-20/corning-statement.html),42.116736,-77.072138,Corning Community College,"Corning, NY",Suspended in-person instruction,Oct. 5,10/3/2020,https://www.suny.edu/suny-news/press-releases/10-20/10-3-20/corning-statement.html,,,,,,,1,,,,,,,,,,
10/8/2020,[Source](https://www2.lehigh.edu/news/10220-scaling-back-campus-activity),40.606822,-75.380236,Lehigh University,"Bethlehem, PA",Suspended in-person instruction,2 weeks,10/2/2020,https://www2.lehigh.edu/news/10220-scaling-back-campus-activity,,,,,,,3,,,,,,,,,,
10/16/2020,[Source](https://www.monmouth.edu/covid-19/important-covid-19-update-to-operations/),40.280066,-74.006447,Monmouth University,"West Long Branch, NJ",Suspended in-person instruction,Through Oct. 16,10/2/2020,https://www.monmouth.edu/covid-19/important-covid-19-update-to-operations/,,,,Yes,,,2,,,,,,,,,,
11/18/2020,[Source](https://www.suny.edu/suny-news/press-releases/10-20/10-2-20-oswego/oswego-lists-pause.html),43.454287,-76.540798,SUNY College at Oswego,"Oswego, NY",Resumed in-person instruction,Oct. 5,10/2/2020,https://www.suny.edu/suny-news/press-releases/10-20/10-2-20-oswego/oswego-lists-pause.html,,,,,,,2,,,,,,,,,,
11/18/2020,[Source](https://www.finlandia.edu/news/finlandia-university-safe-open-plan-update-9-28-20/),47.127868,-88.588756,Finlandia University,"Hancock, MI",Suspended in-person instruction,one week,9/28/2020,https://www.finlandia.edu/news/finlandia-university-safe-open-plan-update-9-28-20/,,,,,,,1,,,,,,,,,,
11/18/2020,[Source](https://www.merrimack.edu/covid-19/alerts/sept-27-important-campus-update/index.php),42.668344,-71.124216,Merrimack College,"North Andover, MA",Suspended in-person instruction,Through Oct. 3,9/27/2020,https://www.merrimack.edu/covid-19/alerts/sept-27-important-campus-update/index.php,,,,,,,1,,,,,,,,,,
11/18/2020,[Source](https://blogs.mtu.edu/flex/2020/09/27/michigan-tech-to-shift-to-health-and-safety-level-four/),47.11866,-88.548092,Michigan Technological University,"Houghton, MI",Suspended in-person instruction,"two weeks, starting sept 30",9/27/2020,https://blogs.mtu.edu/flex/2020/09/27/michigan-tech-to-shift-to-health-and-safety-level-four/,,,,,,,1,,,,,,,,,,
11/18/2020,[Source](https://news.campbell.edu/articles/campbell-university-to-pause-on-campus-undergraduate-classes-for-two-weeks/),35.409149,-78.738238,Campbell University,"Buies Creek, NC",Suspended in-person instruction,2 weeks,9/25/2020,https://news.campbell.edu/articles/campbell-university-to-pause-on-campus-undergraduate-classes-for-two-weeks/,,,,,,,1,,,,,,,,,,
10/7/2020,[Source](https://www.elmira.edu/news/stories/17212-elmira-college-makes-temporary-move-to-online),42.0961,-76.813459,Elmira College,"Elmira, NY",Suspended in-person instruction,2 weeks,9/25/2020,https://www.elmira.edu/news/stories/17212-elmira-college-makes-temporary-move-to-online,,,,,,,2,,,,,,,,,,
11/18/2020,[Source](https://www.olivetcollege.edu/olivet-college-cares-from-the-president-temporary-shift-to-remote-instruction-effective-monday-sept-28/),42.442891,-84.923891,Olivet College,"Olivet, MI",Suspended in-person instruction,2 weeks,9/25/2020,https://www.olivetcollege.edu/olivet-college-cares-from-the-president-temporary-shift-to-remote-instruction-effective-monday-sept-28/,,,,Yes,,,1,,,,,,,,,,
11/18/2020,[Source](https://covid-19.providence.edu/2020/09/25/remote-classes-and-stay-at-home-directive-extended-to-oct-3/),41.842742,-71.437446,Providence College,"Providence, RI",Extended suspension of in-person instruction,Until October 3,9/25/2020,https://covid-19.providence.edu/2020/09/25/remote-classes-and-stay-at-home-directive-extended-to-oct-3/,,,,,,,3,,,,,,,,,,
11/18/2020,[Source](https://www.colorado.edu/chancellor/newsletter/chancellor/new-county-public-health-order-begins-4-pm-today),40.008781,-105.27082,University of Colorado Boulder,"Boulder, CO",Mandatory all-campus quarantine,Starting Sept. 24,9/24/2020,https://www.colorado.edu/chancellor/newsletter/chancellor/new-county-public-health-order-begins-4-pm-today,,,,,,,3,,,,,,,,,,
11/18/2020,[Source](https://smartrestart.wisc.edu/campus-to-resume-some-in-person-activities-maintain-strict-health-measures/),43.075409,-89.404098,University of Wisconsin-Madison,"Madison, WI",Resumed in-person instruction,Starting Sept. 26,9/23/2020,https://smartrestart.wisc.edu/campus-to-resume-some-in-person-activities-maintain-strict-health-measures/,,,,,,,2,,,,,,,,,,
9/24/2020,[Source](https://www.colorado.edu/chancellor/newsletter/chancellor/shifting-temporarily-remote-instruction-minimum-2-weeks),40.008781,-105.27082,University of Colorado Boulder,"Boulder, CO",Suspended in-person instruction,Starting Sept. 23,9/21/2020,https://www.colorado.edu/chancellor/newsletter/chancellor/shifting-temporarily-remote-instruction-minimum-2-weeks,,,,,,,3,,,,,,,,,,
10/2/2020,[Source](https://www.oswego.edu/safety-on-campus/message-from-the-president/suny-oswego-enter-temporary-pause-person-learning),43.454287,-76.540798,SUNY College at Oswego,"Oswego, NY",Suspended in-person instruction,2 weeks,9/18/2020,https://www.oswego.edu/safety-on-campus/message-from-the-president/suny-oswego-enter-temporary-pause-person-learning,,,,Yes,,,2,,,,,,,,,,
11/18/2020,[Source](https://www.uwrf.edu/News/UWRiverFallstemporarilyshiftstoremotelearningimplementsshelterinplaceforitscampushousing.cfm),44.8534,-92.622641,University of Wisconsin-River Falls,"River Falls, WI",Suspended in-person instruction,Sept. 18 - 2 weeks,9/18/2020,https://www.uwrf.edu/News/UWRiverFallstemporarilyshiftstoremotelearningimplementsshelterinplaceforitscampushousing.cfm,,,,,,,1,,,,,,,,,,
9/25/2020,[Source](https://covid-19.providence.edu/2020/09/18/9-17-20-urgent-actions-affecting-all-students/),41.842742,-71.437446,Providence College,"Providence, RI",Suspended in-person instruction,Until September 26,9/17/2020,https://covid-19.providence.edu/2020/09/18/9-17-20-urgent-actions-affecting-all-students/,,,,Yes,,,3,,,,,,,,,,
11/18/2020,[Source](https://www.gvsu.edu/gvnext/2020/ottawa-county-department-of-public-health-issues-two-week-staying-in-place-order-for-gvsu-students-living-in-allendale-township.htm),42.963001,-85.889826,Grand Valley State University,"Allendale, MI",Mandatory all-campus quarantine,Until October 1,9/16/2020,https://www.gvsu.edu/gvnext/2020/ottawa-county-department-of-public-health-issues-two-week-staying-in-place-order-for-gvsu-students-living-in-allendale-township.htm,,,,,,,1,,,,,,,,,,
11/18/2020,[Source](https://udayton.edu/president/path-forward/return_to_campus/in-person-classes/message_to_students.php),39.739547,-84.176113,University of Dayton,"Dayton, OH",Resumed in-person instruction,,9/16/2020,https://udayton.edu/president/path-forward/return_to_campus/in-person-classes/message_to_students.php,,,,,,,3,,,,,,,,,,
9/25/2020,[Source](https://covid-19.providence.edu/2020/09/16/9-15-20-urgent-message-to-off-campus-students/),41.842742,-71.437446,Providence College,"Providence, RI",Quarantine for off-campus students,,9/15/2020,https://covid-19.providence.edu/2020/09/16/9-15-20-urgent-message-to-off-campus-students/,,,,,,,3,,,,,,,,,,
9/24/2020,[Source](https://www.colorado.edu/chancellor/newsletter/chancellor/cu-boulder-students-stay-home-notice-effect-stop-spread-covid-19),40.008781,-105.27082,University of Colorado Boulder,"Boulder, CO",Recommended all-campus quarantine,Until September 29,9/15/2020,https://www.colorado.edu/chancellor/newsletter/chancellor/cu-boulder-students-stay-home-notice-effect-stop-spread-covid-19,,,,,,,3,,,,,,,,,,
11/18/2020,[Source](https://www.memphis.edu/coronavirusupdates/communications/index.php),35.118878,-89.938068,University of Memphis,"Memphis, TN",Delayed in-person start,October,9/15/2020,https://www.memphis.edu/coronavirusupdates/communications/index.php,,,,,,,2,,,,,,,,,,
11/18/2020,[Source](https://www.hartwick.edu/about-us/reopening-our-campus/reopening-updates/),42.457599,-75.071994,Hartwick College,"Oneonta, NY",Resumed in-person instruction,,9/14/2020,https://www.hartwick.edu/about-us/reopening-our-campus/reopening-updates/,,,,,,,2,,,,,,,,,,
11/18/2020,[Source](https://view.comms.arizona.edu/?qs=b7bd470c090cab39efde5b406375afc797c2ccc2bb88d3a38cbdf10bf963439bdcc6e94fd7fe796390f3668ff1c1a6fac7f9b00aa695d4e16c6b6cd5e668c851f4440fd0c63b531c742c9f39c6fc4e28),32.232672,-110.95082,University of Arizona,"Tuscon, AZ",Recommended all-campus quarantine,Until September 27,9/14/2020,https://view.comms.arizona.edu/?qs=b7bd470c090cab39efde5b406375afc797c2ccc2bb88d3a38cbdf10bf963439bdcc6e94fd7fe796390f3668ff1c1a6fac7f9b00aa695d4e16c6b6cd5e668c851f4440fd0c63b531c742c9f39c6fc4e28,,,,,,,1,,,,,,,,,,
11/18/2020,"[Source](http://www.uwyo.edu/uw/news/2020/09/uw-emerges-from-pause,-moves-to-phase-2-of-fall-return-plan.html)",41.311773,-105.57931,University of Wyoming,"Laramie, WY",Resumed in-person instruction,,9/14/2020,"http://www.uwyo.edu/uw/news/2020/09/uw-emerges-from-pause,-moves-to-phase-2-of-fall-return-plan.html",,,,,,,4,,,,,,,,,,
11/18/2020,[Source](https://www.uwlax.edu/globalassets/info-pages/covid-19/091320-urgent-uwl-shelter-in-place.pdf),43.81568,-91.23186,University of Wisconsin-La Crosse,"La Crosse, WI",Suspended in-person instruction,2 week campus quarantine,9/13/2020,https://www.uwlax.edu/globalassets/info-pages/covid-19/091320-urgent-uwl-shelter-in-place.pdf,,,,Yes,,,1,,,,,,,,,,
11/18/2020,[Source](http://hd.ingham.org/About/ArticlesPublications/tabid/3378/ctl/ArticleView/mid/4286/articleId/9152/COVID-19-surge-prompts-self-quarantine-recommendation-for-all-local-MSU-students.aspx),42.73212,-84.476111,Michigan State University,"East Lansing, MI",Recommended all-campus quarantine,Until September 26,9/12/2020,http://hd.ingham.org/About/ArticlesPublications/tabid/3378/ctl/ArticleView/mid/4286/articleId/9152/COVID-19-surge-prompts-self-quarantine-recommendation-for-all-local-MSU-students.aspx,,,,,,,2,,,,,,,,,,
11/15/2020,[Source](https://www.sjcme.edu/prepared/containing-covid-19/),43.826314,-70.483373,Saint Joseph's College of Maine,"Standish, ME",Suspended in-person instruction,2 week campus quarantine,9/12/2020,https://www.sjcme.edu/prepared/containing-covid-19/,,,,,,,2,,,,,,,,,,
11/18/2020,[Source](https://www.niu.edu/protecting-the-pack/communication/messaging/9-11-20-undergraduate-courses-in-person-activities.html),41.933869,-88.766428,Northern Illinois University,"DeKalb, IL",Suspended in-person instruction,2 week campus quarantine,9/11/2020,https://www.niu.edu/protecting-the-pack/communication/messaging/9-11-20-undergraduate-courses-in-person-activities.html,,,,Yes,,,1,,,,,,,,,,
11/9/2020,[Source](https://www.tompkinscortland.edu/college-info/fall-2020-reopening-plans),42.502006,-76.287586,Tompkins Cortland Community College,"Dryden, NY",Resumed in-person instruction,,9/11/2020,https://www.tompkinscortland.edu/college-info/fall-2020-reopening-plans,,,,,,,3,,,,,,,,,,
11/13/2020,[Source](https://www.president.umd.edu/articles/resuming-limited-person-undergraduate-instruction),38.988178,-76.944721,University of Maryland-College Park,"College Park, MD",Resumed in-person instruction,Sept. 14,9/11/2020,https://www.president.umd.edu/articles/resuming-limited-person-undergraduate-instruction,,,,,,,3,,,,,,,,,,
11/18/2020,[Source](https://www.scranton.edu/royals-safe-together/pausing-instruction.shtml),41.406556,-75.656915,University of Scranton,"Scranton, PA",Suspended in-person instruction,2 week campus quarantine,9/11/2020,https://www.scranton.edu/royals-safe-together/pausing-instruction.shtml,,,,Yes,,,1,,,,,,,,,,
11/18/2020,[Source](https://occ.edu/about/covid-response),37.103172,-94.510622,Ozark Christian College,"Joplin, MO",Suspended in-person instruction,1 week campus quarantine,9/9/2020,https://occ.edu/about/covid-response,,,,Yes,,,1,,,,,,,,,,
9/23/2020,[Source](https://news.wisc.edu/university-shifts-to-two-weeks-remote-instruction/),43.075409,-89.404098,University of Wisconsin-Madison,"Madison, WI",Suspended in-person instruction,2 week campus quarantine,9/9/2020,https://news.wisc.edu/university-shifts-to-two-weeks-remote-instruction/,,,,Yes,,,2,,,,,,,,,,
9/14/2020,[Source](http://www.uwyo.edu/uw/news/2020/09/uw-extends-fall-return-pause-until-monday.html),41.311773,-105.57931,University of Wyoming,"Laramie, WY",Delayed in-person start,5 days,9/9/2020,http://www.uwyo.edu/uw/news/2020/09/uw-extends-fall-return-pause-until-monday.html,,,,,,,4,,,,,,,,,,
11/18/2020,[Source](https://www.bradley.edu/sites/coronavirus/student-quarantine/),40.696896,-89.616786,Bradley University,"Peoria, IL",Suspended in-person instruction,2 week campus quarantine,9/8/2020,https://www.bradley.edu/sites/coronavirus/student-quarantine/,,,,Yes,,,1,,,,,,,,,,
11/18/2020,[Source](https://www.ohio.edu/news/2020/09/president-nellis-shares-updates-fall-semester-phase-2?utm_source=homepage&utm_medium=topStoryReadMore&utm_campaign=featContentMarquee),39.326798,-82.100985,Ohio University-Main Campus,"Athens, OH",Fewer students on campus,31% of students,9/8/2020,https://www.ohio.edu/news/2020/09/president-nellis-shares-updates-fall-semester-phase-2?utm_source=homepage&utm_medium=topStoryReadMore&utm_campaign=featContentMarquee,,,,,,,2,,,,,,,,,,
11/18/2020,[Source](https://news.winona.edu/17190/wsu-institutes-self-imposed-campus-quarantine/),44.046159,-91.643723,Winona State University,"Winona, MN",Suspended in-person instruction,2 week campus quarantine,9/8/2020,https://news.winona.edu/17190/wsu-institutes-self-imposed-campus-quarantine/,,,,Yes,,,1,,,,,,,,,,
11/18/2020,[Source](https://www.wvu.edu/return-to-campus/announcements/class-delivery-update-september-7),39.634371,-79.954391,West Virginia University,Morgantown. WV,Suspended in-person instruction,16 days,9/7/2020,https://www.wvu.edu/return-to-campus/announcements/class-delivery-update-september-7,,,,Yes,,,2,,,,,,,,,,
11/18/2020,[Source](https://today.emerson.edu/2020/09/04/emerson-los-angeles-fall-2020-covid-19-update/),34.0977,-118.3198,Emerson College Los Angeles,"Los Angeles, CA",Shift to remote instruction,,9/4/2020,https://today.emerson.edu/2020/09/04/emerson-los-angeles-fall-2020-covid-19-update/,,,,,,,1,,,,,,,,,,
11/18/2020,[Source](https://www.gettysburg.edu/opening/messages/20200904-de-densification-announcement),39.836597,-77.236792,Gettysburg College,"Gettysburg, PA",Fewer students on campus,First-years and small cohort of others,9/4/2020,https://www.gettysburg.edu/opening/messages/20200904-de-densification-announcement,,,,,,,2,,,,,,,,,,
11/18/2020,[Source](https://jcu.edu/news-center/presidents-update-fall-semester-announcement),41.491321,-81.531338,John Carroll University,"Cleveland Heights, OH",Shift to remote instruction,all fall,9/4/2020,https://jcu.edu/news-center/presidents-update-fall-semester-announcement,,,,,,,2,,,,,,,,,,
11/5/2020,[Source](https://lincolncollege.edu/lincoln-college-temporarily-transitioning-to-remote-learning/),40.155442,-89.36153,Lincoln College,"Lincoln, IL",Suspended in-person instruction,2 weeks,9/4/2020,https://lincolncollege.edu/lincoln-college-temporarily-transitioning-to-remote-learning/,,,,Yes,,,2,,,,,,,,,,
11/18/2020,[Source](https://www.roanoke.edu/about/news/decision_on_return_to_campus),37.294861,-80.055467,Roanoke College,Salem VA,Shift to remote instruction,,9/4/2020,https://www.roanoke.edu/about/news/decision_on_return_to_campus,,,,,,,1,,,,,,,,,,
11/18/2020,[Source](https://t.e2ma.net/message/574ldc/96qt6se),42.468861,-75.063632,SUNY Oneonta,"Oneonta, NY",Shift to remote instruction,all fall,9/3/2020,https://t.e2ma.net/message/574ldc/96qt6se,,,,,,,2,,,,,,,,,,
11/18/2020,[Source](https://news.temple.edu/announcements/2020-09-03/suspension-in-person-classes-fall),39.980546,-75.156859,Temple University,"Philadelphia, PA",Shift to remote instruction,all fall,9/3/2020,https://news.temple.edu/announcements/2020-09-03/suspension-in-person-classes-fall,,,,Yes,,,2,,,,,,,,,,
11/18/2020,[Source](https://pages.sdsu.edu/index.php/email/emailWebview),32.77525,-117.07123,San Diego State University,"San Diego, CA",Suspended in-person instruction,4 weeks,9/2/2020,https://pages.sdsu.edu/index.php/email/emailWebview,,,,Yes,,,1,,,,,,,,,,
11/9/2020,[Source](https://www.tompkinscortland.edu/college-info/fall-2020-reopening-plans),42.502006,-76.287586,Tompkins Cortland Community College,"Dryden, NY",Suspended in-person instruction,2 days,9/2/2020,https://www.tompkinscortland.edu/college-info/fall-2020-reopening-plans,,,,,,,3,,,,,,,,,,
11/18/2020,[Source](https://blogs.illinois.edu/view/6367/1191139226),40.104718,-88.229114,University of Illinois at Urbana-Champaign,"Champaign, IL",Recommended all-campus quarantine,2 weeks,9/2/2020,https://blogs.illinois.edu/view/6367/1191139226,,,,,,,1,,,,,,,,,,
9/14/2020,[Source](http://www.uwyo.edu/uw/news/2020/09/uw-covid-19-cases-trigger-pause-to-fall-semester-return-plan.html),41.311773,-105.57931,University of Wyoming,"Laramie, WY",Delayed in-person start,5 days,9/2/2020,http://www.uwyo.edu/uw/news/2020/09/uw-covid-19-cases-trigger-pause-to-fall-semester-return-plan.html,,,,,,,4,,,,,,,,,,
11/18/2020,[Source](https://mailchi.mp/coloradocollege.edu/tbd-2p7sd6jh0u?e=88f1c6be41),38.84886,-104.8227,Colorado College,"Colorado Springs, CO",Shift to remote instruction,,9/1/2020,https://mailchi.mp/coloradocollege.edu/tbd-2p7sd6jh0u?e=88f1c6be41,,,,Yes,,,1,,,,,,,,,,
9/4/2020,[Source](https://www.gettysburg.edu/opening/messages/20200901-all-student-quarantine),39.836597,-77.236792,Gettysburg College,"Gettysburg, PA",Suspended in-person instruction,all-student quarantine thru September 5,9/1/2020,https://www.gettysburg.edu/opening/messages/20200901-all-student-quarantine,,,,,,,2,,,,,,,,,,
9/14/2020,[Source](https://www.hartwick.edu/news/hartwick-college-switches-to-14-days-of-remote-learning-amid-growing-community-health-concerns/),42.457599,-75.071994,Hartwick College,"Oneonta, NY",Suspended in-person instruction,two weeks,9/1/2020,https://www.hartwick.edu/news/hartwick-college-switches-to-14-days-of-remote-learning-amid-growing-community-health-concerns/,,,,,,,2,,,,,,,,,,
11/18/2020,[Source](https://www.jmu.edu/news/2020/09/01-online-class-announcement.shtml),38.436311,-78.870484,James Madison University,"Harrisonburg, VA",Suspended in-person instruction,thru September,9/1/2020,https://www.jmu.edu/news/2020/09/01-online-class-announcement.shtml,,,,,,,1,,,,,,,,,,
11/18/2020,[Source](http://www.lockhaven.edu/News/lhuremoteinstruction_09.01.20.html),41.141517,-77.460108,Lock Haven University,"Lock Haven, PA",Suspended in-person instruction,two weeks,9/1/2020,http://www.lockhaven.edu/News/lhuremoteinstruction_09.01.20.html,,,,,,,2,,,,,,,,,,
11/18/2020,[Source](https://www.csuchico.edu/coronavirus/stories/8-30-onlinetransition.shtml),39.729712,-121.84486,California State University-Chico,"Chico, CA",All remote instruction,,8/30/2020,https://www.csuchico.edu/coronavirus/stories/8-30-onlinetransition.shtml,,,,,,,1,,,,,,,,,,
9/3/2020,[Source](https://t.e2ma.net/message/pvgadc/96qt6se),42.468861,-75.063632,SUNY Oneonta,"Oneonta, NY",Suspended in-person instruction,Two weeks,8/30/2020,https://t.e2ma.net/message/pvgadc/96qt6se,,,,,,,2,,,,,,,,,,
9/3/2020,[Source](https://news.temple.edu/announcements/2020-08-30/in-person-classes-suspended-two-weeks),39.980546,-75.156859,Temple University,"Philadelphia, PA",Suspended in-person instruction,Two weeks,8/30/2020,https://news.temple.edu/announcements/2020-08-30/in-person-classes-suspended-two-weeks,,,,,,,2,,,,,,,,,,
11/18/2020,[Source](https://www.northwestern.edu/coronavirus-covid-19-updates/developments/undergraduate-students-updated-plans-for-the-fall-quarter.html),42.050356,-87.679858,Northwestern University,"Evanston, IL",Fewer students on campus,Juniors and seniors,8/28/2020,https://www.northwestern.edu/coronavirus-covid-19-updates/developments/undergraduate-students-updated-plans-for-the-fall-quarter.html,Yes,,,,Yes,,1,,,,,,,,,,
11/18/2020,[Source](https://chancellor.ucsb.edu/memos/2020-08-28-covid-19-update-fall-instruction-and-campus-housing),34.416297,-119.84643,"University of California, Santa Barbara","Santa Barbara, CA",Shift to remote instruction,,8/28/2020,https://chancellor.ucsb.edu/memos/2020-08-28-covid-19-update-fall-instruction-and-campus-housing,,,,,,,1,,,,,,,,,,
11/18/2020,[Source](https://news.nd.edu/news/notre-dame-to-begin-gradual-resumption-of-in-person-classes-sept-2/),41.703058,-86.238959,University of Notre Dame,"South Bend, IN",Resumed in-person instruction,,8/28/2020,https://news.nd.edu/news/notre-dame-to-begin-gradual-resumption-of-in-person-classes-sept-2/,,,,,,,2,,,,,,,,,,
11/18/2020,[Source](https://www.bloomu.edu/fall-2020),41.00782,-76.447844,Bloomsburg University of Pennsylvania,"Bloomsburg, PA",All remote instruction,,8/27/2020,https://www.bloomu.edu/fall-2020,,,,Yes,Yes,,1,,,,,,,,,,
11/18/2020,[Source](https://covid.kzoo.edu/2020/08/27/k-shifts-to-fully-virtual-fall-term/),42.290789,-85.601857,Kalamazoo College,"Kalamazoo, MI",All remote instruction,,8/27/2020,https://covid.kzoo.edu/2020/08/27/k-shifts-to-fully-virtual-fall-term/,Yes,,,Yes,,,1,,,,,,,,,,
9/16/2020,[Source](https://udayton.edu/news/articles/2020/08/covid_status_change_update.php),39.739547,-84.176113,University of Dayton,"Dayton, OH",Delayed in-person start,Sept. 14,8/27/2020,https://udayton.edu/news/articles/2020/08/covid_status_change_update.php,,,,,,,3,,,,,,,,,,
11/18/2020,[Source](https://around.uoregon.edu/content/uo-will-pivot-mostly-remote-and-online-instruction-fall-term),44.045146,-123.07579,University of Oregon,"Eugene, OR",Most courses online,,8/27/2020,https://around.uoregon.edu/content/uo-will-pivot-mostly-remote-and-online-instruction-fall-term,Yes,,Yes,,,,1,,,,,,,,,,
11/18/2020,[Source](https://www.towson.edu/about/administration/president/communications/2020/st-fall-2020-modality-shift.html),39.393622,-76.611164,Towson University,"Baltimore, MD",All remote instruction,30-Aug,8/26/2020,https://www.towson.edu/about/administration/president/communications/2020/st-fall-2020-modality-shift.html,,,,Yes,Yes,Positive tests in sample,1,,,,,,,,,,
11/18/2020,[Source](https://www.wvwc.edu/2020/08/wesleyan-to-complete-fall-2020-semester-online/),38.990661,-80.218969,West Virginia Wesleyan College,"Buckhannon, WV",All remote instruction,,8/26/2020,https://www.wvwc.edu/2020/08/wesleyan-to-complete-fall-2020-semester-online/,Yes,,,Yes,,,1,26201-2994,54097,,,,,,,,
11/18/2020,[Source](https://wou.edu/feature_stories/email/WOU-Now.html),44.852235,-123.23831,Western Oregon University,"Monmouth, OR",Most courses online,,8/26/2020,https://wou.edu/feature_stories/email/WOU-Now.html,,,,Yes,Yes,,1,,,,,,,,,,
11/18/2020,[Source](https://www.emich.edu/coronavirus/),42.24694,-83.622501,Eastern Michigan University,"Ypsilanti, MI",Delayed in-person start,20-Sep,8/24/2020,https://www.emich.edu/coronavirus/,Yes,,Yes,Yes,,Other institutions,1,,,,,,,,,,
11/18/2020,[Source](https://d3hyc9chiaydi3.cloudfront.net/titans/documents/pdf/VSU_TO_REMAIN_FULLY_ONLINE_FOR_FALL%202020.pdf),37.234692,-77.419026,Virginia State University,"Petersburg, VA",All remote instruction,31-Aug,8/24/2020,https://d3hyc9chiaydi3.cloudfront.net/titans/documents/pdf/VSU_TO_REMAIN_FULLY_ONLINE_FOR_FALL%202020.pdf,Yes,,,Yes,,,1,23806,51041,,,,,,,,
11/18/2020,[Source](http://view.engagement.butler.edu/?qs=5bd6300c50bc2649fb95c7c2f28b0155e2ec6a64bbebaab5bb4bb1e20faf0038dc7efed0d036a13631730962113fa329bad154e31c3e81a5f27ad45d929fa5ef383c19b97057248bc787ffeb12c397ef),39.8374,-86.172167,Butler University,"Indianapolis, IN",Delayed in-person start,2 weeks,8/23/2020,http://view.engagement.butler.edu/?qs=5bd6300c50bc2649fb95c7c2f28b0155e2ec6a64bbebaab5bb4bb1e20faf0038dc7efed0d036a13631730962113fa329bad154e31c3e81a5f27ad45d929fa5ef383c19b97057248bc787ffeb12c397ef,,,,Yes,,"Lack of compliance, quarantine, 2% positivity",1,,,,,,,,,,
11/18/2020,[Source](https://news.ecu.edu/2020/08/23/ecu-to-move-undergraduate-courses-online-for-fall-semester/),35.607186,-77.368291,East Carolina University,"Greenville, NC",Shift to remote instruction,,8/23/2020,https://news.ecu.edu/2020/08/23/ecu-to-move-undergraduate-courses-online-for-fall-semester/,,,,,,,1,,,,,,,,,,
9/16/2020,[Source](https://udayton.edu/president/path-forward/return_to_campus/remote_classes_august_24-28.php),39.739547,-84.176113,University of Dayton,"Dayton, OH",Delayed in-person start,1 week,8/23/2020,https://udayton.edu/president/path-forward/return_to_campus/remote_classes_august_24-28.php,,,,,,,3,,,,,,,,,,
11/18/2020,[Source](https://chancellor.uncc.edu/messages),35.306022,-80.730919,University of North Carolina at Charlotte,"Charlotte, NC",Delayed in-person start,1-Oct,8/23/2020,https://chancellor.uncc.edu/messages,Yes,,,,,,1,,,,,,,,,,
11/18/2020,[Source](https://www.wcsu.edu/reopen/),41.400365,-73.444264,Western Connecticut State University,"Danbury, CT",Delayed in-person start,2 weeks,8/22/2020,https://www.wcsu.edu/reopen/,,,,,,Outbreak in Danbury,1,,,,,,,,,,
11/18/2020,[Source](https://covid-19.ucla.edu/fall-update-shift-to-primarily-remote-instruction-reduced-housing/),34.068892,-118.4439,University of California-Los Angeles,"Los Angeles, CA",Most courses online,,8/21/2020,https://covid-19.ucla.edu/fall-update-shift-to-primarily-remote-instruction-reduced-housing/,,Yes,,,,,1,,,,,,,,,,
11/18/2020,[Source](https://drive.google.com/file/d/1JqCkUw6aI_k2GwAM417J5ME07IU-j2a5/view),44.972851,-93.235464,University of Minnesota-Twin Cities,"Minneapolis, MN",Delayed in-person start,22-Sep,8/21/2020,https://drive.google.com/file/d/1JqCkUw6aI_k2GwAM417J5ME07IU-j2a5/view,,,Yes,Yes,,Other institutions,1,,,,,,,,,,
11/18/2020,[Source](https://www.gbc.edu/fall2020/PresidentialAddress.html),39.741501,-75.689624,Goldey-Beacom College,"Baltimore, MD",All remote instruction,,8/20/2020,https://www.gbc.edu/fall2020/PresidentialAddress.html,Yes,,,Yes,,Other institutions,1,,,,,,,,,,
11/18/2020,[Source](https://www.lasalle.edu/blog/2020/08/20/updates-and-changes-to-our-fall-2020-plan/),40.037979,-75.153061,La Salle University,"Philadelphia, PA",Most courses online,,8/20/2020,https://www.lasalle.edu/blog/2020/08/20/updates-and-changes-to-our-fall-2020-plan/,Yes,,,Yes,,Other institutions,1,,,,,,,,,,
11/18/2020,[Source](https://www.ncsu.edu/coronavirus/fall-semester-undergraduate-classes-moving-online/),35.785111,-78.674517,North Carolina State University at Raleigh,"Raleigh, NC",Shift to remote instruction,,8/20/2020,https://www.ncsu.edu/coronavirus/fall-semester-undergraduate-classes-moving-online/,,,,,,,1,,,,,,,,,,
11/18/2020,[Source](https://today.rowan.edu/news/2020/08/updates-for-fall-course-delivery-plans.html?utm_medium=tweet&utm_source=twitter_organic&utm_campaign=rowan_affinity&utm_content=aug20updates),39.709108,-75.119119,Rowan University,"Glassboro, NJ",Expanded in-person instruction,,8/20/2020,https://today.rowan.edu/news/2020/08/updates-for-fall-course-delivery-plans.html?utm_medium=tweet&utm_source=twitter_organic&utm_campaign=rowan_affinity&utm_content=aug20updates,,Yes,,,,,2,8028,34015,,,,,,,,
11/18/2020,[Source](https://drexel.edu/now/archive/2020/August/Drexel-undergraduate-courses-to-remain-online/),39.955217,-75.190051,Drexel University,"Philadelphia, PA",All remote instruction,,8/19/2020,https://drexel.edu/now/archive/2020/August/Drexel-undergraduate-courses-to-remain-online/,Yes,,,,,Other institutions,1,19104,42101,,,,,,,,
11/18/2020,[Source](https://pittnews.com/article/159235/featured/pitt-announces-no-in-person-classes-until-at-least-sept-14/),40.444388,-79.953254,University of Pittsburgh-Pittsburgh Campus,"Pittsburgh, PA",Delayed in-person start,14-Sep,8/19/2020,https://pittnews.com/article/159235/featured/pitt-announces-no-in-person-classes-until-at-least-sept-14/,,,,,,,1,,,,,,,,,,
11/18/2020,[Source](https://www.ithaca.edu/news/revised-plan-fall-opening),42.422154,-76.494136,Ithaca College,"Ithaca, NY",All remote instruction,,8/18/2020,https://www.ithaca.edu/news/revised-plan-fall-opening,Yes,,,,Yes,,1,,,,,,,,,,
9/12/2020,[Source](https://president.msu.edu/communications/messages-statements/2020_community_letters/2020-08-18-plans-change.html),42.73212,-84.476111,Michigan State University,"East Lansing, MI",All remote instruction,,8/18/2020,https://president.msu.edu/communications/messages-statements/2020_community_letters/2020-08-18-plans-change.html,Yes,,,Yes,Yes,Other institutions,2,,,,,,,,,,
8/28/2020,[Source](https://news.nd.edu/news/notre-dame-enacts-two-weeks-of-remote-instruction/),41.703058,-86.238959,University of Notre Dame,"South Bend, IN",Suspended in-person instruction,,8/18/2020,https://news.nd.edu/news/notre-dame-enacts-two-weeks-of-remote-instruction/,,,,,,,2,,,,,,,,,,
11/18/2020,[Source](https://www.unc.edu/posts/2020/08/17/shift-to-remote/),35.911769,-79.050969,University of North Carolina at Chapel Hill,"Chapel Hill, NC",All remote instruction,,8/17/2020,https://www.unc.edu/posts/2020/08/17/shift-to-remote/,,,,,,,1,,,,,,,,,,
11/11/2020,[Source](https://www.shu.edu/health-intervention-communication/news/fall-2020-semester-update-for-students.cfm),40.742336,-74.246027,Seton Hall University,"South Orange, NJ",Expanded in-person instruction,,8/15/2020,https://www.shu.edu/health-intervention-communication/news/fall-2020-semester-update-for-students.cfm,,,,,,,3,,,,,,,,,,
11/18/2020,[Source](https://alert.barnard.edu/fall-2020-remote-plan),40.810098,-73.963346,Barnard College,"New York, NY",All remote instruction,,8/14/2020,https://alert.barnard.edu/fall-2020-remote-plan,Yes,Yes,,,,,1,,,8/10/2020,7,324,4,,,,
11/18/2020,[Source](https://covid19.columbia.edu/news/president-bollinger-provides-update-fall-term),40.808286,-73.961885,Columbia University in the City of New York,"New York, NY",All remote instruction,,8/14/2020,https://covid19.columbia.edu/news/president-bollinger-provides-update-fall-term,Yes,Yes,,,Yes,,1,,,,,,,,,,
11/18/2020,[Source](https://health.blog.gustavus.edu/2020/08/14/important-update-fall-classes-and-on-campus-living/),44.323626,-93.972196,Gustavus Adolphus College,"Saint Peter, MN",Fewer students on campus,First-year students and others,8/14/2020,https://health.blog.gustavus.edu/2020/08/14/important-update-fall-classes-and-on-campus-living/,Yes,,,,,,1,,,,,,,,,,
11/18/2020,[Source](https://www.hmc.edu/coronavirus-information/2020/08/14/hmc-transitions-to-remote-learning-for-fall-2020/),34.106515,-117.70984,Harvey Mudd College,"Claremont, CA",All remote instruction,,8/14/2020,https://www.hmc.edu/coronavirus-information/2020/08/14/hmc-transitions-to-remote-learning-for-fall-2020/,,Yes,,,,,1,,,8/10/2020,8,147,,,,,
11/18/2020,[Source](https://www.rider.edu/news/2020/08/14/fall-2020-resolved-and-ready-plan-update),40.278796,-74.737833,Rider University,"Lawrenceville, NJ",Delayed in-person start,,8/14/2020,https://www.rider.edu/news/2020/08/14/fall-2020-resolved-and-ready-plan-update,,Yes,,,,,2,,,,,,,,,,
11/16/2020,[Source](https://www.westfield.ma.edu/safe-fall-opening),42.132698,-72.796503,Westfield State University,"Westfield, MA",Delayed in-person start,29-Sep,8/14/2020,https://www.westfield.ma.edu/safe-fall-opening,,,,,Yes,,3,,,,,,,,,,
11/18/2020,[Source](https://coronavirus.caltech.edu/updates/general/81320),34.137349,-118.12588,California Institute of Technology,"Pasadena, CA",All remote instruction,,8/13/2020,https://coronavirus.caltech.edu/updates/general/81320,,Yes,,,,,1,,,,,,,,,,
11/18/2020,[Source](https://healthalerts.stanford.edu/covid-19/2020/08/13/autumn-update/),37.429434,-122.16736,Stanford University,"Stanford, CA",Most courses online,,8/13/2020,https://healthalerts.stanford.edu/covid-19/2020/08/13/autumn-update/,Yes,Yes,,Yes,,,1,,,,,,,,,,
11/18/2020,[Source](https://www.becker.edu/updated-fall-2020-plans/),42.269171,-71.811894,Becker College,"Worcester, MA",All remote instruction,,8/12/2020,https://www.becker.edu/updated-fall-2020-plans/,Yes,,,,Yes,,1,,,8/10/2020,10,205,9,,,,
11/18/2020,[Source](https://resources.depaul.edu/coronavirus/updates/Pages/8-12-student.aspx),41.877618,-87.62724,DePaul University,"Chicago, IL",Most courses online,,8/12/2020,https://resources.depaul.edu/coronavirus/updates/Pages/8-12-student.aspx,Yes,,,,Yes,,1,,,,,,,,,,
9/4/2020,[Source](https://jcu.edu/news-center/jcu-presidents-update-return-campus-delay),41.491321,-81.531338,John Carroll University,"Cleveland Heights, OH",Delayed in-person start,21-Sep,8/12/2020,https://jcu.edu/news-center/jcu-presidents-update-return-campus-delay,,,,,,,2,,,,,,,,,,
9/14/2020,"[Source](http://www.uwyo.edu/uw/news/2020/08/uw-revises-plan-for-fall-semester,-moves-to-phased-return-to-campus.html)",41.311773,-105.57931,University of Wyoming,"Laramie, WY",Delayed in-person start,7-Sep,8/12/2020,"http://www.uwyo.edu/uw/news/2020/08/uw-revises-plan-for-fall-semester,-moves-to-phased-return-to-campus.html",,,Yes,,,,4,,,,,,,,,,
11/17/2020,[Source](https://www.brown.edu/news/2020-08-11/healthy-phases),41.82617,-71.40385,Brown University,Provience,Delayed in-person start,5-Oct,8/11/2020,https://www.brown.edu/news/2020-08-11/healthy-phases,Yes,,,,,,2,,,,,,,,,,
11/18/2020,[Source](https://chaminade.edu/coronavirus/),21.28995,-157.80785,Chaminade University of Honolulu,"Honolulu, HI",Delayed in-person start,14-Sep,8/11/2020,https://chaminade.edu/coronavirus/,,,,,Yes,,1,,,,,,,,,,
11/18/2020,[Source](https://news.morgan.edu/covid-19-remote-only/),39.344161,-76.585565,Morgan State University,"Baltimore, MD",All remote instruction,,8/11/2020,https://news.morgan.edu/covid-19-remote-only/,Yes,,Yes,,Yes,,1,,,8/10/2020,13,61,9,,,,
11/18/2020,[Source](https://covid.oregonstate.edu/latest-updates/most-osu-corvallis-campus-fall-instruction-be-offered-remotely-and-online-0),44.56395,-123.27472,Oregon State University,"Corvallis, OR",Most courses online,90%,8/11/2020,https://covid.oregonstate.edu/latest-updates/most-osu-corvallis-campus-fall-instruction-be-offered-remotely-and-online-0,Yes,,,,Yes,,1,,,,,,,,,,
8/14/2020,[Source](https://www.rider.edu/news/2020/08/11/letter-president-dellomo-operating-plan-fall-2020),40.278796,-74.737833,Rider University,"Lawrenceville, NJ",All remote instruction,,8/11/2020,https://www.rider.edu/news/2020/08/11/letter-president-dellomo-operating-plan-fall-2020,,,,,,,2,,,,,,,,,,
11/18/2020,[Source](https://today.uconn.edu/2020/08/letter-president-katsouleas-regarding-state-students/#),41.809098,-72.249948,University of Connecticut,"Storrs, CT",Fewer students on campus,Out-of-state students with all courses online,8/11/2020,https://today.uconn.edu/2020/08/letter-president-katsouleas-regarding-state-students/#,Yes,Yes,,,,,1,,,,,,,,,,
11/18/2020,[Source](https://fall-2020-planning.upenn.edu/announcement/revision-fall-semester-plans-regarding-campus-housing-tuition-and-fees),39.950929,-75.19391,University of Pennsylvania,"Philadelphia, PA",Most courses online,,8/11/2020,https://fall-2020-planning.upenn.edu/announcement/revision-fall-semester-plans-regarding-campus-housing-tuition-and-fees,Yes,Yes,Yes,,Yes,,1,19104-6303,42101,,,,,,,,
10/30/2020,[Source](https://www.assumption.edu/news-and-events/news/university-begin-fall-semester-remotely-students-return-end-august),42.294226,-71.828991,Assumption University,"Worcester, MA",Delayed in-person start,,8/10/2020,https://www.assumption.edu/news-and-events/news/university-begin-fall-semester-remotely-students-return-end-august,Yes,,,,,,2,,,,,,,,,,
11/18/2020,[Source](https://www.holycross.edu/2019-novel-coronavirus-covid-19-information/communications/important-fall-semester-update),42.23752,-71.808214,College of the Holy Cross,"Worcester, MA",All remote instruction,,8/10/2020,https://www.holycross.edu/2019-novel-coronavirus-covid-19-information/communications/important-fall-semester-update,Yes,Yes,Yes,,Yes,,1,01610-2395,25027,,,,,,,,
11/18/2020,[Source](https://columbiachronicle.com/breaking-first-two-weeks-of-classes-will-be-taught-completely-online),41.874261,-87.624667,Columbia College Chicago,"Chicago, IL",Delayed in-person start,8-Sep,8/10/2020,https://columbiachronicle.com/breaking-first-two-weeks-of-classes-will-be-taught-completely-online,Yes,Yes,,,,,1,,,,,,,,,,
11/18/2020,[Source](https://www.wjhl.com/local-coronavirus-coverage/etsu-president-about-20-percent-of-classes-to-be-held-in-person-this-fall/),36.301643,-82.366954,East Tennessee State University,"Johnson City, TN",Most courses online,80%,8/10/2020,https://www.wjhl.com/local-coronavirus-coverage/etsu-president-about-20-percent-of-classes-to-be-held-in-person-this-fall/,Yes,,,,,,1,,,,,,,,,,
11/18/2020,[Source](https://www.flsouthern.edu/news/recent/2020/general/covid-19-conditions-require-fsc-to-change-fall-ope.aspx),28.032443,-81.948203,Florida Southern College,"Lakeland, FL",Fewer students on campus,,8/10/2020,https://www.flsouthern.edu/news/recent/2020/general/covid-19-conditions-require-fsc-to-change-fall-ope.aspx,Yes,,,,,,1,,,,,,,,,,
11/18/2020,[Source](https://www.macalester.edu/covid-19/recent-updates/president-rivera-to-students-and-families-adjusting-our-return-to-campus-plan/),44.938565,-93.168053,Macalester College,"St. Paul, MN",Fewer students on campus,First-years and transfers for Module 1,8/10/2020,https://www.macalester.edu/covid-19/recent-updates/president-rivera-to-students-and-families-adjusting-our-return-to-campus-plan/,Yes,,,,,,1,,,,,,,,,,
11/18/2020,[Source](https://www.oberlin.edu/campus-resources/bulletins/covid-19-strategy-update-august-10-2020),41.291992,-82.216795,Oberlin College,"Oberlin, OH",Delayed in-person start,First week online,8/10/2020,https://www.oberlin.edu/campus-resources/bulletins/covid-19-strategy-update-august-10-2020,,,Yes,,,,1,,,,,,,,,,
11/18/2020,[Source](https://www.hawaii.edu/news/email/events/august10.html),21.298598,-157.81898,University of Hawaii at Manoa,"Manoa, HI",Most courses online,,8/10/2020,https://www.hawaii.edu/news/email/events/august10.html,Yes,,,,,,1,,,,,,,,,,
11/13/2020,[Source](https://umd.edu/virusinfo/emails/081020),38.988178,-76.944721,University of Maryland-College Park,"College Park, MD",Delayed in-person start,14-Sep,8/10/2020,https://umd.edu/virusinfo/emails/081020,Yes,,,,,,3,20742,24033,,,,,,,,
11/18/2020,[Source](https://newsroom.howard.edu/newsroom/article/12986/re-opening-decision-update),38.922392,-77.018966,Howard University,"Washington, DC",All remote instruction,,8/7/2020,https://newsroom.howard.edu/newsroom/article/12986/re-opening-decision-update,Yes,Yes,Yes,,Yes,Communities of color,1,20059-0001,11001,,,,,,,,
11/18/2020,[Source](https://www.mtholyoke.edu/president/important-message-president-sonya-stephens-about-fall-2020),42.256838,-72.575511,Mount Holyoke College,"South Hadley, MA",All remote instruction,,8/7/2020,https://www.mtholyoke.edu/president/important-message-president-sonya-stephens-about-fall-2020,Yes,,,,Yes,,1,01075-1489,25015,,,,,,,,
11/18/2020,[Source](https://www.otterbein.edu/news/otterbein-moves-to-phased-return-plan-for-student-safety/),40.125327,-82.936444,Otterbein University,"Westerville, OH",Delayed in-person start,14-Sep,8/7/2020,https://www.otterbein.edu/news/otterbein-moves-to-phased-return-plan-for-student-safety/,Yes,Yes,,,,,1,43081,39049,,,,,,,,
11/18/2020,[Source](https://fall2020.princeton.edu/news/president-eisgruber-update-fall-2020-undergraduate-education-be-fully-remote),40.348732,-74.659365,Princeton University,"Princeton, NJ",All remote instruction,,8/7/2020,https://fall2020.princeton.edu/news/president-eisgruber-update-fall-2020-undergraduate-education-be-fully-remote,Yes,Yes,,,Yes,,1,08544-0070,34021,,,,,,,,
11/18/2020,[Source](https://bloomfield.edu/about-us/planning-fall-semester/communication),40.795105,-74.194309,Bloomfield College,"Bloomfield, NJ",Delayed in-person start,,8/6/2020,https://bloomfield.edu/about-us/planning-fall-semester/communication,,Yes,,,Yes,,1,7003,34013,8/24/2020,8,8,3,,,,
11/18/2020,[Source](https://covidinfo.jhu.edu/information-for-undergraduate-students/),39.328977,-76.621595,Johns Hopkins University,"Baltimore, MD",All remote instruction,,8/6/2020,https://covidinfo.jhu.edu/information-for-undergraduate-students/,Yes,,,,,,1,21218-2688,24510,8/17/2020,15,64,,,,,
11/18/2020,[Source](https://www.luc.edu/coronavirus/?utm_source=luchomebanner&utm_medium=web&utm_campaign=coronavirus#recent_changes),41.999711,-87.657159,Loyola University Chicago,"Chicago, IL",All remote instruction,,8/6/2020,https://www.luc.edu/coronavirus/?utm_source=luchomebanner&utm_medium=web&utm_campaign=coronavirus#recent_changes,Yes,,,,,,1,60660,17031,8/31/2020,1,,,,,,
11/18/2020,[Source](https://www.loyola.edu/news/2020/0806-fall-online-instruction),39.346358,-76.621872,Loyola University Maryland,"Baltimore, MD",All remote instruction,,8/6/2020,https://www.loyola.edu/news/2020/0806-fall-online-instruction,Yes,,,,,,1,21210-2699,24510,8/26/2020,6,627,,,,,
11/18/2020,[Source](https://www.saintpeters.edu/?post_type=notification&p=13532),40.727105,-74.071541,Saint Peter's University,"Jersey City, NJ",All remote instruction,,8/6/2020,https://www.saintpeters.edu/?post_type=notification&p=13532,,Yes,,,,,1,07306-5997,34017,8/24/2020,8,,,,,,
11/11/2020,[Source](https://www.shu.edu/health-intervention-communication/seton-hall-university-welcomes-community-for-fall-2020-semester.cfm),40.742336,-74.246027,Seton Hall University,"South Orange, NJ",Start semester online,,8/6/2020,https://www.shu.edu/health-intervention-communication/seton-hall-university-welcomes-community-for-fall-2020-semester.cfm,,Yes,,,,,3,07079-2697,34013,8/20/2020,13,,,,,,
11/18/2020,[Source](https://www.umass.edu/coronavirus/news/significant-changes-our-fall-reopening-plan),42.385999,-72.526728,University of Massachusetts-Amherst,"Amherst, MA",Most courses online,,8/6/2020,https://www.umass.edu/coronavirus/news/significant-changes-our-fall-reopening-plan,Yes,,,,Yes,,1,1003,25015,8/31/2020,2,,,,,,
11/18/2020,[Source](https://www.washington.edu/coronavirus/2020/08/06/autumn-quarter-learning-message-to-students-from-the-united-states/),47.65538,-122.30514,University of Washington-Seattle Campus,"Seattle, WA",Most courses online,90%,8/6/2020,https://www.washington.edu/coronavirus/2020/08/06/autumn-quarter-learning-message-to-students-from-the-united-states/,Yes,,,,,,1,98195-4550,53033,,,,,,,,
11/18/2020,[Source](https://www.wilson.edu/coronavirus-information),39.949659,-77.650712,Wilson College,"Chambersburg, PA",All remote instruction,,8/6/2020,https://www.wilson.edu/coronavirus-information,Yes,Yes,Yes,,Yes,,1,17201-1285,42055,,,,,,,,
11/18/2020,[Source](https://www.capital.edu/fall2020/),39.954875,-82.937867,Capital University,"Columbus, OH",Delayed in-person start,21-Sep,8/5/2020,https://www.capital.edu/fall2020/,Yes,,,,Yes,,1,43209-2394,39049,8/24/2020,10,389,,,,,
11/18/2020,[Source](http://www.drew.edu/stories/2020/08/05/drew-university-fall-2020-classes-will-be-online-only/),40.761829,-74.424584,Drew University,"Madison, NJ",All remote instruction,,8/5/2020,http://www.drew.edu/stories/2020/08/05/drew-university-fall-2020-classes-will-be-online-only/,Yes,Yes,,,Yes,,1,7940,34027,8/24/2020,10,212,,,,,
11/18/2020,[Source](https://www.azcentral.com/story/news/local/arizona-education/2020/07/18/grand-canyon-university-maricopa-county-community-colleges-delay-start-fall-semester-coronavirus/5463269002/),33.513231,-112.12993,Grand Canyon University,"Phoenix, AZ",Delayed in-person start,8-Sep,8/5/2020,https://www.azcentral.com/story/news/local/arizona-education/2020/07/18/grand-canyon-university-maricopa-county-community-colleges-delay-start-fall-semester-coronavirus/5463269002/,Yes,,,,,,1,85017,4013,,,,,,,,
11/18/2020,[Source](https://today.marquette.edu/2020/08/covid-19-update-marquette-to-reopen-for-in-person-instruction-this-fall-with-hybrid-and-online-classes-where-reasonably-possible-and-reduced-number-of-students-living-residentially/),43.03903,-87.927961,Marquette University,"Milwaukee, WI",Fewer students on campus,,8/5/2020,https://today.marquette.edu/2020/08/covid-19-update-marquette-to-reopen-for-in-person-instruction-this-fall-with-hybrid-and-online-classes-where-reasonably-possible-and-reduced-number-of-students-living-residentially/,,,,,,,1,53233,55079,,,,,,,,
11/18/2020,[Source](https://covid19.oglethorpe.edu/2020/08/05/update-on-fall-2020/),33.875441,-84.333687,Oglethorpe University,"Atlanta, GA",All remote instruction,,8/5/2020,https://covid19.oglethorpe.edu/2020/08/05/update-on-fall-2020/,,,,,Yes,Educational experience,1,30319-2797,13089,8/31/2020,4,,,,,,
11/18/2020,[Source](https://www.regiscollege.edu/about-regis/news/important-update-return-regis-plan),42.351291,-71.310561,Regis College,"Weston, MA",Most courses online,,8/5/2020,https://www.regiscollege.edu/about-regis/news/important-update-return-regis-plan,Yes,,,,Yes,,1,02493-1571,25017,8/24/2020,11,11,,,,,
8/20/2020,[Source](https://today.rowan.edu/news/2020/08/starting-the-semester-strong-in-spite-of-some-limits.html),39.709108,-75.119119,Rowan University,"Glassboro, NJ",Start semester online,,8/5/2020,https://today.rowan.edu/news/2020/08/starting-the-semester-strong-in-spite-of-some-limits.html,,,,,,,2,,,,,,,,,,
11/18/2020,[Source](https://www.scu.edu/kob/updated-decisions-fall2020/),37.348362,-121.93784,Santa Clara University,"Santa Clara, CA",Most courses online,,8/5/2020,https://www.scu.edu/kob/updated-decisions-fall2020/,Yes,Yes,,,Yes,,1,95053,6085,8/26/2020,12,790,,,,,
11/18/2020,[Source](https://www.smith.edu/president-kathleen-mccartney/letters/2019-20/change-to-fall-2020-plan-august-5-2020),42.318111,-72.638097,Smith College,"Northampton, MA",All remote instruction,,8/5/2020,https://www.smith.edu/president-kathleen-mccartney/letters/2019-20/change-to-fall-2020-plan-august-5-2020,Yes,,,Yes,Yes,,1,1063,25015,8/26/2020,13,40,,,,,
10/16/2020,[Source](https://www.wooster.edu/info/fall-2020-guide/updates/8-5/),40.81046,-81.934674,The College of Wooster,"Wooster, OH",Delayed in-person start,7-Sep,8/5/2020,https://www.wooster.edu/info/fall-2020-guide/updates/8-5/,Yes,,,,Yes,,4,44691,39169,,,,,,,,
11/18/2020,[Source](https://www.umw.edu/returntocampus/2020/08/05/the-start-of-on-campus-instruction-a-message-to-students-from-president-paino/),38.302492,-77.476055,University of Mary Washington,"Fredericksburg, VA",Delayed in-person start,14-Sep,8/5/2020,https://www.umw.edu/returntocampus/2020/08/05/the-start-of-on-campus-instruction-a-message-to-students-from-president-paino/,Yes,,Yes,,,,1,22401-5300,51630,8/24/2020,15,97,,,,,
11/18/2020,[Source](https://we-are.usc.edu/2020/08/05/8-5-fall-semester-update-from-provost-zukoski-and-david-wright/),34.021123,-118.287071,University of Southern California,"Los Angeles, CA",All remote instruction,,8/5/2020,https://we-are.usc.edu/2020/08/05/8-5-fall-semester-update-from-provost-zukoski-and-david-wright/,Yes,Yes,,,,,2,90089,6037,8/17/2020,23,21,,,,,
11/18/2020,[Source](http://www.belmont.edu/return/messages/2020-08-04-message-to-students.html),36.135589,-86.794807,Belmont University,"Nashville, TN",Delayed in-person start,7-Sep,8/4/2020,http://www.belmont.edu/return/messages/2020-08-04-message-to-students.html,Yes,,,,,,1,37212-3757,47037,9/2/2020,7,1070,,,,,
11/18/2020,[Source](https://cusafelyback.chapman.edu/chapman-to-begin-fall-semester-with-remote-instruction-continuing-robust-chapman-experience/),33.79302,-117.85252,Chapman University,"Orange, CA",Start semester online,,8/4/2020,https://cusafelyback.chapman.edu/chapman-to-begin-fall-semester-with-remote-instruction-continuing-robust-chapman-experience/,,,,,,,1,92866,6059,,,,,,,,
11/18/2020,[Source](https://www.ccad.edu/publichealth),39.966074,-82.989479,Columbus College of Art and Design,"Columbus, OH",All remote instruction,,8/4/2020,https://www.ccad.edu/publichealth,Yes,Yes,,,,,1,43215,39049,8/24/2020,18,122,,,,,
11/18/2020,[Source](https://news.illinoisstate.edu/2020/08/fall-campus-update-from-president-dietz-8-4-2020/),40.509403,-88.990058,Illinois State University,"Normal, IL",Delayed in-person start,,8/4/2020,https://news.illinoisstate.edu/2020/08/fall-campus-update-from-president-dietz-8-4-2020/,Yes,,Yes,,,,1,61790-1000,17113,,,,,,,,
11/18/2020,[Source](https://www.mansfield.edu/health-and-safety-plan/),41.807467,-77.073901,Mansfield University of Pennsylvania,"Mansfield, PA",Most courses online,,8/4/2020,https://www.mansfield.edu/health-and-safety-plan/,Yes,,Yes,,,,1,16933,42117,,,,,,,,
11/18/2020,[Source](https://www.rmc.edu/campus-life/protect/updates-and-announcements),37.76043,-77.478416,Randolph-Macon College,"Ashland, VA",Delayed in-person start,7-Sep,8/4/2020,https://www.rmc.edu/campus-life/protect/updates-and-announcements,Yes,,Yes,,Yes,,1,23005-5505,51085,8/17/2020,25,64,,,,,
11/18/2020,[Source](https://www.salem.edu/readystrong),36.086271,-80.241297,Salem College,"Winston-Salem, NC",All remote instruction,,8/4/2020,https://www.salem.edu/readystrong,Yes,,,Yes,,,1,27101,37067,,,,,,,,
11/18/2020,[Source](https://www.collegeofidaho.edu/sites/default/files/inline-files/Fall%20Re-Opening%20Plan_Aug%202020_v3_0.pdf),43.652284,-116.67799,The College of Idaho,"Caldwell, ID",Most courses online,,8/4/2020,https://www.collegeofidaho.edu/sites/default/files/inline-files/Fall%20Re-Opening%20Plan_Aug%202020_v3_0.pdf,Yes,,,,Yes,,1,83605-4432,16027,8/24/2020,19,9,,,,,
11/18/2020,[Source](https://www.uprovidence.edu/coronavirus/#1596469229047-4de76778-c04a),47.490713,-111.2706,University of Providence,"Great Falls, MT",All remote instruction,,8/4/2020,https://www.uprovidence.edu/coronavirus/#1596469229047-4de76778-c04a,Yes,,,,,,1,59405-4996,30013,9/8/2020,5,275,,,,,
11/18/2020,[Source](https://news.virginia.edu/content/uva-delays-person-instruction-move-undergraduates-two-weeks?utm_source=UTwitter&tum_medium=social&utm_campaign=news),38.035665,-78.503428,University of Virginia-Main Campus,"Charlottesville, VA",Delayed in-person start,8-Sep-20,8/4/2020,https://news.virginia.edu/content/uva-delays-person-instruction-move-undergraduates-two-weeks?utm_source=UTwitter&tum_medium=social&utm_campaign=news,Yes,,Yes,,,,1,22903-2628,51003,,,,,,,,
11/18/2020,[Source](https://www.washcoll.edu/coronavirus/),39.217329,-76.06878,Washington College,"Chestertown, MD",All remote instruction,,8/4/2020,https://www.washcoll.edu/coronavirus/,Yes,,Yes,,,,1,21620-1438,24029,8/24/2020,21,1408,,,,,
11/18/2020,[Source](https://www.wjtv.com/health/coronavirus/alcorn-state-university-announces-phased-return-to-campus/),31.877216,-91.142854,Alcorn State University,"Alcoln, MS",Delayed in-person start,9-Sep-20,8/3/2020,https://www.wjtv.com/health/coronavirus/alcorn-state-university-announces-phased-return-to-campus/,,,,,,,1,39096-7500,28021,,,,,,,,
11/18/2020,[Source](http://www.the-college-reporter.com/2020/08/03/for-students-important-fall-term-update/),40.048045,-76.319037,Franklin and Marshall College,"Lancaster, PA",Fewer students on campus,First-years and sophomores,8/3/2020,http://www.the-college-reporter.com/2020/08/03/for-students-important-fall-term-update/,Yes,,,,,,1,17604-3003,42071,,,23,,,,,
11/18/2020,[Source](https://president.tcnj.edu/2020/08/03/revised-plans-for-fall-2020/),40.268651,-74.778791,The College of New Jersey,"Ewing, NJ",All remote instruction,,8/3/2020,https://president.tcnj.edu/2020/08/03/revised-plans-for-fall-2020/,Yes,Yes,,,Yes,,1,08628-7718,34021,8/24/2020,22,385,,,,,
11/18/2020,[Source](https://www.uvawise.edu/2020/08/03/message-chancellor-henry-update-fall-2020-plans/),36.970602,-82.559656,The University of Virginia's College at Wise,"Wise, VA",Delayed in-person start,26-Aug-20,8/3/2020,https://www.uvawise.edu/2020/08/03/message-chancellor-henry-update-fall-2020-plans/,Yes,,,,,,1,24293-4400,51195,,,,,,,,
11/18/2020,[Source](https://www.iup.edu/news-item.aspx?id=286976),40.617531,-79.159332,Indiana University of Pennsylvania-Main Campus,"Indiana, PA",Fewer students on campus,First-year students only,8/2/2020,https://www.iup.edu/news-item.aspx?id=286976,Yes,,,,Yes,,1,15705-1098,42063,,,,,,,,
11/18/2020,[Source](https://www.callutheran.edu/know/updates/index.html?id=14018),34.224566,-118.87892,California Lutheran University,"Thousand Oaks, CA",All remote instruction,,7/31/2020,https://www.callutheran.edu/know/updates/index.html?id=14018,,Yes,,,,,1,91360-2787,6111,,,,,,,,
11/18/2020,[Source](https://www.calu.edu/coronaplan/index.aspx),40.064964,-79.88679,California University of Pennsylvania,"California, PA",All remote instruction,,7/31/2020,https://www.calu.edu/coronaplan/index.aspx,Yes,,,,,,1,15419-1394,42125,8/31/2020,17,126,,,,,
11/18/2020,[Source](https://president.catholic.edu/communications/letters/plan-for-fall-2020.html),38.933651,-76.997909,Catholic University of America,"Washington, DC",Most courses online,,7/31/2020,https://president.catholic.edu/communications/letters/plan-for-fall-2020.html,Yes,Yes,,,,,1,20064,11001,8/24/2020,25,190,,,,,
11/18/2020,[Source](https://cnu.edu/news/2020/07/31-cnu-reopening/#.X05tbot7nIU),37.062495,-76.494364,Christopher Newport University,"Newport News, VA",Delayed in-person start,"two weeks, to aug 31",7/31/2020,https://cnu.edu/news/2020/07/31-cnu-reopening/#.X05tbot7nIU,,,,,,,1,,,9/2/2020,16,133,,,,,
11/18/2020,[Source](fdu.edu/coronavirus-update/),40.897209,-74.028986,Fairleigh Dickinson University-Metropolitan Campus,"Teaneck, NJ",Delayed in-person start,14-Sep-20,7/31/2020,fdu.edu/coronavirus-update/,,Yes,,,Yes,,1,7666,34003,,,,,,,,
11/18/2020,[Source](https://www.goucher.edu/return-to-campus/updates/fall-announcement),39.410175,-76.594843,Goucher College,"Baltimore, MD",All remote instruction,,7/31/2020,https://www.goucher.edu/return-to-campus/updates/fall-announcement,Yes,,,,Yes,,1,21204-2794,24005,,,,,,,,
10/8/2020,[Source](https://www2.lehigh.edu/news/73120-lehigh-update-on-fall-semester),40.606822,-75.380236,Lehigh University,"Bethlehem, PA",Most courses online,,7/31/2020,https://www2.lehigh.edu/news/73120-lehigh-update-on-fall-semester,Yes,,Yes,,Yes,,3,18015,42095,,,,,,,,
9/8/2020,[Source](https://www.ohio.edu/news/2020/07/looking-forward-fall-2020),39.326798,-82.100985,Ohio University-Main Campus,"Athens, OH",Delayed in-person start,27-Sep-20,7/31/2020,https://www.ohio.edu/news/2020/07/looking-forward-fall-2020,Yes,,,,Yes,,2,45701-2979,39009,8/19/2020,37,46,,,,,
11/18/2020,[Source](https://www.queens.edu/news/2020/health-advisory.html),35.189051,-80.833509,Queens University of Charlotte,"Charlotte, NC",All remote instruction,,7/31/2020,https://www.queens.edu/news/2020/health-advisory.html,Yes,,,,Yes,,1,28274-0001,37119,8/31/2020,25,8,,,,,
11/18/2020,[Source](https://www.eyeonannapolis.net/2020/08/st-johns-college-to-go-virtual-for-fall-campus-will-be-closed-to-all-visitors/),38.981598,-76.491359,St. John's College,"Anapolis, MD",All remote instruction,,7/31/2020,https://www.eyeonannapolis.net/2020/08/st-johns-college-to-go-virtual-for-fall-campus-will-be-closed-to-all-visitors/,Yes,,Yes,,,,1,21401,24003,8/17/2020,39,24,,,,,
11/18/2020,[Source](https://www.american.edu/president/announcements/july-30-2020.cfm),38.936005,-77.088875,American University,"Washington, DC",All remote instruction,,7/30/2020,https://www.american.edu/president/announcements/july-30-2020.cfm,Yes,Yes,Yes,,,,1,20016-8001,11001,,,,,,,,
11/18/2020,[Source](https://www.jcsu.edu/news-events/jcsu-alert/covid-19-novel-coronavirus-information/covid-19-novel-coronavirus-information/campus-updates),35.243033,-80.857251,Johnson C Smith University,"Charlotte, NC",All remote instruction,,7/30/2020,https://www.jcsu.edu/news-events/jcsu-alert/covid-19-novel-coronavirus-information/covid-19-novel-coronavirus-information/campus-updates,Yes,,,Yes,Yes,,1,28216-5398,37119,,35,,,,,,
11/18/2020,[Source](https://www.menlo.edu/student-life/health-wellness/coronavirus/),37.453475,-122.1908,Menlo College,"Atherton, CA",All remote instruction,,7/30/2020,https://www.menlo.edu/student-life/health-wellness/coronavirus/,,Yes,,,Yes,,1,94027-4301,6081,,,,,,,,
11/18/2020,[Source](https://www.muhlenberg.edu/offices/healthcenter/coronavirus/communications/communityupdatejuly302020.html),40.596416,-75.508502,Muhlenberg College,"Allentown, PA",Fewer students on campus,First-year students only,7/30/2020,https://www.muhlenberg.edu/offices/healthcenter/coronavirus/communications/communityupdatejuly302020.html,Yes,,Yes,,,,1,18104,42077,,,,,,,,
11/18/2020,[Source](https://www.pdx.edu/news/planning-mostly-remote-fall-term),45.511601,-122.68629,Portland State University,"Portland, OR",Most courses online,,7/30/2020,https://www.pdx.edu/news/planning-mostly-remote-fall-term,Yes,,,,,,1,97201,41051,8/24/2020,39,44,,,,,
9/15/2020,[Source](https://www.memphis.edu/coronavirusupdates/plan/index.php),35.118878,-89.938068,University of Memphis,"Memphis, TN",Delayed in-person start,First month,7/30/2020,https://www.memphis.edu/coronavirusupdates/plan/index.php,Yes,,,,,,2,38152,47157,9/8/2020,24,119,,,,,
11/18/2020,[Source](https://www.up.edu/news/2020/07/fall-2020-classes-to-be-held-remotely.html),45.572724,-122.72669,University of Portland,"Portland, OR",All remote instruction,,7/30/2020,https://www.up.edu/news/2020/07/fall-2020-classes-to-be-held-remotely.html,Yes,,Yes,,Yes,Communities of color,1,97203-5798,41051,,,,,,,,
11/18/2020,[Source](https://westerntoday.wwu.edu/news/fall-2020-update-from-the-president),48.737812,-122.48573,Western Washington University,"Bellingham, WA",Most courses online,,7/30/2020,https://westerntoday.wwu.edu/news/fall-2020-update-from-the-president,Yes,Yes,,,Yes,,1,98225-9008,53073,8/17/2020,47,1,,,,,
11/18/2020,[Source](https://www.clarion.edu/fall2020.html),41.207805,-79.377501,Clarion University of Pennsylvania,"Clarion, PA",Most courses online,,7/29/2020,https://www.clarion.edu/fall2020.html,,,,Yes,,Remote possible switch to remote mid-semester,1,16214,42031,8/31/2020,35,38,,,,,
11/18/2020,[Source](https://president.georgetown.edu/important-changes-fall-2020/#_ga=2.176660134.261398251.1596043412-419114726.1594075849),38.908809,-77.073463,Georgetown University,"Washington, DC",All remote instruction,,7/29/2020,https://president.georgetown.edu/important-changes-fall-2020/#_ga=2.176660134.261398251.1596043412-419114726.1594075849,Yes,,,,,,1,20057-0001,11001,,,,,,,,
11/18/2020,[Source](https://www.hendrix.edu/coronavirus/),35.101565,-92.443256,Hendrix College,"Conway, AR",All remote instruction,,7/29/2020,https://www.hendrix.edu/coronavirus/,Yes,,,,Yes,,1,72032-3080,5045,,,,,,,,
11/18/2020,[Source](https://mountainx.com/blogwire/mars-hill-university-will-begin-fall-semester-online/),35.82752,-82.551827,Mars Hill University,"Mars Hill, NC",Delayed in-person start,8-Sep-20,7/29/2020,https://mountainx.com/blogwire/mars-hill-university-will-begin-fall-semester-online/,Yes,,,,Yes,,1,28754,37115,,,,,,,,
11/18/2020,[Source](https://www.marshall.edu/coronavirus/2020/07/29/message-from-president-gilbert-additional-fall-courses-being-transitioned-to-virtual-live-remote-delivery/),38.422482,-82.428964,Marshall University,"Huntington, WV",Most courses online,,7/29/2020,https://www.marshall.edu/coronavirus/2020/07/29/message-from-president-gilbert-additional-fall-courses-being-transitioned-to-virtual-live-remote-delivery/,Yes,,,,,What others have done,1,25755,54011,,,,,,,,
11/18/2020,[Source](https://www.pugetsound.edu/fall2020/fall-2020-communications/july-29-decision-and-important-information-on-fall-2020/),47.26308,-122.47898,University of Puget Sound,"Tacoma, WA",All remote instruction,,7/29/2020,https://www.pugetsound.edu/fall2020/fall-2020-communications/july-29-decision-and-important-information-on-fall-2020/,Yes,,,,Yes,,1,98416,53053,,,,,,,,
11/18/2020,[Source](https://www.sandiego.edu/alert/),32.770816,-117.19207,University of San Diego,"San Diego, CA",All remote instruction,,7/29/2020,https://www.sandiego.edu/alert/,Yes,Yes,,,,,1,92110-2492,6073,,,,,,,,
11/18/2020,[Source](https://www.usm.edu/news/2020/release/charting-course-fall-2020.php),31.32661,-89.331236,University of Southern Mississippi,"Hattiesburg, MS",Delayed in-person start,First three weeks,7/29/2020,https://www.usm.edu/news/2020/release/charting-course-fall-2020.php,,,,,,,1,39406-0001,28035,,,,,,,,
11/18/2020,[Source](https://www.dean.edu/about-dean/fall-2020-semester/),42.085634,-71.397813,Dean College,"Franklin, MA",All remote instruction,,7/28/2020,https://www.dean.edu/about-dean/fall-2020-semester/,Yes,,,,,,1,02038-1941,25021,,,,,,,,
11/18/2020,[Source](https://www.enmu.edu/covid-19-health-advisory/campus-messages/community-general/plans-for-fall-2020),34.175592,-103.34819,Eastern New Mexico University-Main Campus,"Portales, NM",Most courses online,,7/28/2020,https://www.enmu.edu/covid-19-health-advisory/campus-messages/community-general/plans-for-fall-2020,,Yes,,,,,1,88130,35041,,,,,,,,
11/18/2020,[Source](http://www.oudaily.com/coronavirus/oklahoma-city-community-college-to-conduct-fall-semester-online-amid-rise-in-state-covid-19/article_835a3e3a-d1c8-11ea-bf34-bf3ee6a3aa29.html),35.387699,-97.570109,Oklahoma City Community College,"Oklahoma City, OK",All remote instruction,,7/28/2020,http://www.oudaily.com/coronavirus/oklahoma-city-community-college-to-conduct-fall-semester-online-amid-rise-in-state-covid-19/article_835a3e3a-d1c8-11ea-bf34-bf3ee6a3aa29.html,Yes,,,,,,1,73159-9987,40109,,,,,,,,
11/18/2020,[Source](https://www.evansville.edu/coronavirus/),37.971549,-87.531644,University of Evansville,"Evansville, IL",Delayed in-person start,26-Aug,7/28/2020,https://www.evansville.edu/coronavirus/,Yes,,,,,,1,47722,18163,,,,,,,,
11/18/2020,[Source](https://www.ajc.com/education/agnes-scott-college-to-go-online-for-fall-semester/7M43XCYNIBA23OMCXDLRX5QHYQ/?outputType=amp),33.769268,-84.295459,Agnes Scott College,"Decatur, GA",All remote instruction,,7/27/2020,https://www.ajc.com/education/agnes-scott-college-to-go-online-for-fall-semester/7M43XCYNIBA23OMCXDLRX5QHYQ/?outputType=amp,Yes,,,,,,1,30030-3770,13089,,,,,,,,
11/18/2020,[Source](https://coronavirus.gwu.edu/),38.89923,-77.048363,George Washington University,"Washington, DC",All remote instruction,,7/27/2020,https://coronavirus.gwu.edu/,Yes,,,,,Unease of faculty,1,20052,11001,,,,,,,,
9/1/2020,[Source](http://www.lockhaven.edu/News/lhufallreopeningplan_07.27.20.html),41.141517,-77.460108,Lock Haven University,"Lock Haven, PA",Most courses online,,7/27/2020,http://www.lockhaven.edu/News/lhufallreopeningplan_07.27.20.html,Yes,,,,,,2,17745-2390,42035,,,,,,,,
11/18/2020,[Source](https://www.miamistudent.net/article/2020/07/classes-move-online-for-first-five-weeks-of-the-semester),39.507757,-84.732954,Miami University-Oxford,"Oxford, OH",Delayed in-person start,First five weeks,7/27/2020,https://www.miamistudent.net/article/2020/07/classes-move-online-for-first-five-weeks-of-the-semester,Yes,,,,Yes,,1,45056,39017,,,,,,,,
11/18/2020,[Source](https://lancasteronline.com/news/local/millersville-university-pivots-primarily-online-amid-rise-in-covid-19-cases/article_f82c7f28-d03a-11ea-8032-cf49fee58138.html),40.000337,-76.357381,Millersville University of Pennsylvania,"Millersville, PA",Most courses online,,7/27/2020,https://lancasteronline.com/news/local/millersville-university-pivots-primarily-online-amid-rise-in-covid-19-cases/article_f82c7f28-d03a-11ea-8032-cf49fee58138.html,Yes,,,,,,1,17551-0302,42071,,,,,,,,
11/18/2020,[Source](https://nau.edu/jacks-are-back/),35.188449,-111.65372,Northern Arizona University,"Flagstaff, AZ",Delayed in-person start,31-Aug-20,7/27/2020,https://nau.edu/jacks-are-back/,,,,,,,1,86011-4092,4005,,,,,,,,
9/7/2020,[Source](https://presidentgee.wvu.edu/messages/phased-return-to-morgantown-campus-july-27),39.634371,-79.954391,West Virginia University,Morgantown. WV,Most courses online,,7/27/2020,https://presidentgee.wvu.edu/messages/phased-return-to-morgantown-campus-july-27,Yes,,,Yes,,,2,26506,54061,,,,,,,,
11/18/2020,[Source](https://www.winthrop.edu/president/faculty-and-staff-july-27-2020.aspx),34.941515,-81.031404,Winthrop University,"Rock Hill, SC",Delayed in-person start,8-Sep-20,7/27/2020,https://www.winthrop.edu/president/faculty-and-staff-july-27-2020.aspx,Yes,,,Yes,,Student input,1,29733,45091,,,,,,,,
11/18/2020,[Source](http://www.ric.edu/covid19/Pages/Coronavirus-Campus-Update-July-25.aspx),41.842415,-71.46556,Rhode Island College,"Providence, RI",Most courses online,,7/25/2020,http://www.ric.edu/covid19/Pages/Coronavirus-Campus-Update-July-25.aspx,,,,,,,1,2908,44007,,,,,,,,
11/18/2020,[Source](https://cmc-returns.cmc.edu/presidents-message/),34.102154,-117.71119,Claremont McKenna College,"Claremont, CA",All remote instruction,,7/24/2020,https://cmc-returns.cmc.edu/presidents-message/,Yes,Yes,,,,,1,91711-6400,6037,,,,,,,,
11/18/2020,[Source](https://www.myrtlebeachonline.com/sports/college/sun-belt/coastal-carolina-university/article244526232.html),33.794995,-79.011767,Coastal Carolina University,"Conway, SC",Delayed in-person start,8-Sep-20,7/24/2020,https://www.myrtlebeachonline.com/sports/college/sun-belt/coastal-carolina-university/article244526232.html,,,,,,,1,29526,45051,,,,,,,,
11/18/2020,[Source](https://www.pennlive.com/coronavirus/2020/07/harrisburg-university-moves-all-classes-online-for-fall-semester.html),40.26193,-76.880261,Harrisburg University of Science and Technology,"Harrisburg, PA",All remote instruction,,7/24/2020,https://www.pennlive.com/coronavirus/2020/07/harrisburg-university-moves-all-classes-online-for-fall-semester.html,,,,,,What others have done,1,17101-2208,42043,,,,,,,,
11/18/2020,[Source](https://www.lyon.edu/coronavirus#Fall%202020%20Announcement),35.777619,-91.625354,Lyon College,"Batesville, AR",All remote instruction,,7/24/2020,https://www.lyon.edu/coronavirus#Fall%202020%20Announcement,Yes,Yes,,,Yes,,1,72501,5063,,,,,,,,
11/18/2020,[Source](https://www.whitman.edu/fall-2020/updates/july-24-2020-fall-2020),46.069815,-118.33155,Whitman College,"Walla Walla, WA",Most courses online,,7/24/2020,https://www.whitman.edu/fall-2020/updates/july-24-2020-fall-2020,Yes,,Yes,,,,1,99362,53071,,,,,,,,
11/18/2020,[Source](https://www.randolphcollege.edu/covid19/),37.437315,-79.171887,Randolph College,"Lynchburg, VA",All remote instruction,,7/23/2020,https://www.randolphcollege.edu/covid19/,Yes,,Yes,,,,1,24503-1555,51680,,,,,,,,
11/18/2020,[Source](https://www.seattleu.edu/coronavirus/reopening-update-for-fall-2020.html),47.608859,-122.31885,Seattle University,"Seattle, WA",Most courses online,,7/23/2020,https://www.seattleu.edu/coronavirus/reopening-update-for-fall-2020.html,Yes,,,,,,1,98122-4340,53033,,,,,,,,
11/18/2020,[Source](https://from.wsu.edu/president/2020/pullman-fall2020-online/email.html),46.730448,-117.15817,Washington State University,"Pullman, WA",All remote instruction,,7/23/2020,https://from.wsu.edu/president/2020/pullman-fall2020-online/email.html,Yes,,,,,,1,99164-5910,53075,,,,,,,,
11/18/2020,[Source](https://aurora.edu/blog/covid/07222020.html),41.753631,-88.349023,Aurora University,"Aurora, IL",Most courses online,,7/22/2020,https://aurora.edu/blog/covid/07222020.html,Yes,,,,,,1,60506-4892,17089,,,,,,,,
11/18/2020,[Source](https://www.apu.edu/covid-19/posts/27515/),34.130047,-117.88838,Azusa Pacific University,"Azusa, CA",All remote instruction,,7/22/2020,https://www.apu.edu/covid-19/posts/27515/,,Yes,,,Yes,,1,91702-7000,6037,,,,,,,,
11/18/2020,[Source](https://www.berklee.edu/btb),42.346646,-71.089405,Berklee College of Music,"Boston, MA",All remote instruction,,7/22/2020,https://www.berklee.edu/btb,Yes,,,,Yes,,1,2215,25025,,,,,,,,
11/18/2020,[Source](https://blogs.clemson.edu/president/2020/07/22/presidents-update-fall-2020/),34.679381,-82.835114,Clemson University,"Clemson, SC",Delayed in-person start,21-Sep-20,7/22/2020,https://blogs.clemson.edu/president/2020/07/22/presidents-update-fall-2020/,Yes,,,,Yes,,1,29634,45077,,,,,,,,
11/18/2020,[Source](https://www.edinboro.edu/directory/offices-services/ehs/ready/fall-2020/fall-2020-planning.html),41.870717,-80.121318,Edinboro University of Pennsylvania,"Edinboro, PA",Most courses online,,7/22/2020,https://www.edinboro.edu/directory/offices-services/ehs/ready/fall-2020/fall-2020-planning.html,Yes,,,,,,1,16444-0001,42049,,,,,,,,
11/18/2020,[Source](https://www.kean.edu/return-campus),40.677981,-74.233503,Kean University,"Union, NJ",Delayed in-person start,21-Sep,7/22/2020,https://www.kean.edu/return-campus,,,,,,,1,7083,34039,,,,,,,,
11/18/2020,[Source](https://fall2020.lafayette.edu/2020/07/22/important-update-path-to-fall-2020/),40.69956,-75.209786,Lafayette College,"Easton, PA",All remote instruction,,7/22/2020,https://fall2020.lafayette.edu/2020/07/22/important-update-path-to-fall-2020/,Yes,Yes,,,Yes,Younger adults,1,18042-1768,42095,,,,,,,,
11/18/2020,[Source](https://emergency.pepperdine.edu/2020/07/22/a-message-from-president-gash-online-instruction-for-fall-semester/),34.037786,-118.70708,Pepperdine University,"Malibu, CA",All remote instruction,,7/22/2020,https://emergency.pepperdine.edu/2020/07/22/a-message-from-president-gash-online-instruction-for-fall-semester/,,Yes,,,Yes,,1,90263,6037,,,,,,,,
11/18/2020,[Source](https://www.sjcs.edu/Current-Students),39.807602,-89.64532,St. John's College-Department of Nursing,"Springfield, IL",Most courses online,,7/22/2020,https://www.sjcs.edu/Current-Students,,,,,,,1,62702,17167,,,,,,,,
11/18/2020,[Source](https://www.udel.edu/udaily/2020/july/fall-2020-plans-return-hybrid-campus-remote-academics/),39.679577,-75.752822,University of Delaware,"Newark, DE",Most courses online,,7/22/2020,https://www.udel.edu/udaily/2020/july/fall-2020-plans-return-hybrid-campus-remote-academics/,Yes,,,,Yes,,1,19716,10003,,,,,,,,
11/18/2020,[Source](https://durangoherald.com/articles/332653-western-new-mexico-university-opts-for-online-start-in-fall),32.7767,-108.28328,Western New Mexico University,"Silver City, NM",Delayed in-person start,7-Sep-20,7/22/2020,https://durangoherald.com/articles/332653-western-new-mexico-university-opts-for-online-start-in-fall,,,,,Yes,,1,88061,35017,,,,,,,,
11/18/2020,[Source](https://news.ucmerced.edu/content/fall-2020-instruction),37.366237,-120.42494,University of California-Merced,"Merced, CA",Delayed in-person start,At least for 4 weeks,7/21/2020,https://news.ucmerced.edu/content/fall-2020-instruction,Yes,,,,,,1,95343-5603,6047,,,,,,,,
11/18/2020,[Source](https://www.cau.edu/news/2020/07/Presidents-Letter.html),33.747628,-84.412584,Clark Atlanta University,"Atlanta, GA",All remote instruction,,7/20/2020,https://www.cau.edu/news/2020/07/Presidents-Letter.html,Yes,,,,Yes,,1,30314-4391,13121,,,,,,,,
11/18/2020,[Source](https://www.grinnell.edu/messages/important-changes-to-fall-plans),41.747952,-92.722094,Grinnell College,"Grinnell, IA",All remote instruction,Fall term classes online,7/20/2020,https://www.grinnell.edu/messages/important-changes-to-fall-plans,Yes,,,,,,1,50112-1690,19157,,,,,,,,
11/18/2020,[Source](https://twitter.com/MDCTheReporter/status/1285213526911524864),25.777717,-80.190856,Miami Dade College,"Miami, FL",Start semester online,Septmember 28,7/20/2020,https://twitter.com/MDCTheReporter/status/1285213526911524864,Yes,,,,,,1,33132-2204,12086,,,,,,,,
11/18/2020,[Source](https://mailchi.mp/cb4cc0885e5d/important-message-about-the-fall-2020-semester),33.745982,-84.414917,Morehouse College,"Atlanta, GA",All remote instruction,,7/20/2020,https://mailchi.mp/cb4cc0885e5d/important-message-about-the-fall-2020-semester,Yes,,,,,"Younger adults, communities of color",1,30314,13121,,,,,,,,
11/18/2020,[Source](https://spelmancollege.activehosted.com/index.php?action=social&chash=b83aac23b9528732c23cc7352950e880.506&s=7460b87c5dd24ef1791e814e85fa848e),33.745279,-84.411527,Spelman College,"Atlanta, GA",All remote instruction,,7/20/2020,https://spelmancollege.activehosted.com/index.php?action=social&chash=b83aac23b9528732c23cc7352950e880.506&s=7460b87c5dd24ef1791e814e85fa848e,Yes,,,,,,1,30314-4399,13121,,,,,,,,
11/18/2020,[Source](https://twitter.com/mzinshteyn/status/1285643203396472833),37.871918,-122.26046,University of California-Berkeley,"Berkeley, CA",Start semester online,,7/20/2020,https://twitter.com/mzinshteyn/status/1285643203396472833,Yes,,,,,,1,94720,6001,,,,,,,,
11/18/2020,[Source](https://www.emory.edu/coronavirus/emory/messages/index.html?m=message-all-important-fall-update-july-17),33.790183,-84.325512,Emory University,"Atlanta, GA",Most courses online,,7/17/2020,https://www.emory.edu/coronavirus/emory/messages/index.html?m=message-all-important-fall-update-july-17,Yes,,,,,,1,30322,13089,,,,,,,,
11/18/2020,[Source](https://www.pacific.edu/campus-life/student-services/student-health-services/fall-semester-2020.html),37.981424,-121.3123,University of the Pacific,"Stockton, CA",Most courses online,,7/17/2020,https://www.pacific.edu/campus-life/student-services/student-health-services/fall-semester-2020.html,Yes,,,,,,1,95211-0197,6077,,,,,,,,
11/18/2020,[Source](https://www.castleton.edu/news-media/article/castleton-university-to-provide-residential-experience-for-fall-2020-move-courses-online/?utm_medium=social&utm_source=twitter&utm_campaign=postfity&utm_content=postfity80713),43.608397,-73.180842,Castleton University,"Castleton, VT",All remote instruction,,7/15/2020,https://www.castleton.edu/news-media/article/castleton-university-to-provide-residential-experience-for-fall-2020-move-courses-online/?utm_medium=social&utm_source=twitter&utm_campaign=postfity&utm_content=postfity80713,Yes,,,,,,1,5735,50021,,,,,,,,
11/18/2020,[Source](https://www.dickinson.edu/info/20043/about/4030/dickinson_college_updates_on_fall_2020/5),40.202796,-77.197854,Dickinson College,"Carlisle, PA",All remote instruction,,7/15/2020,https://www.dickinson.edu/info/20043/about/4030/dickinson_college_updates_on_fall_2020/5,Yes,,Yes,,,,1,17013-2896,42041,,,,,,,,
11/18/2020,[Source](https://www.theoccidentalnews.com/breaking-news/2020/07/15/occidental-college-announces-online-instruction-for-fall-2020/2901107),34.127124,-118.21091,Occidental College,"Los Angeles, CA",All remote instruction,,7/15/2020,https://www.theoccidentalnews.com/breaking-news/2020/07/15/occidental-college-announces-online-instruction-for-fall-2020/2901107,Yes,,,,,,1,90041-3392,6037,,,,,,,,
11/18/2020,[Source](https://www.rhodes.edu/coronavirus-updates),35.154405,-89.990803,Rhodes College,"Memphis, TN",All remote instruction,,7/15/2020,https://www.rhodes.edu/coronavirus-updates,Yes,,,Yes,,,1,38112-1690,47157,,,,,,,,
11/18/2020,[Source](https://www.simmons.edu/coronavirus/undergraduate-fall-2020),42.3393,-71.099967,Simmons University,"Boston, MA",All remote instruction,,7/15/2020,https://www.simmons.edu/coronavirus/undergraduate-fall-2020,,,,,Yes,,1,02115-5898,25025,,,,,,,,
11/18/2020,[Source](https://myusf.usfca.edu/announcement/fall-semester-will-be-remote),37.776618,-122.45048,University of San Francisco,"San Francisco, CA",Most courses online,,7/15/2020,https://myusf.usfca.edu/announcement/fall-semester-will-be-remote,Yes,Yes,,,,,1,94117-1080,6075,,,,,,,,
11/18/2020,[Source](https://www.esu.edu/open/index.cfm),40.99599,-75.173905,East Stroudsburg University of Pennsylvania,"East Stroudsburg, PA",Most courses online,,7/14/2020,https://www.esu.edu/open/index.cfm,,,,,Yes,,1,18301-2999,42089,,,,,,,,
11/18/2020,[Source](https://blogs.kenyon.edu/campus-report/post/2020-21-planning-update-for-students-and-families/),40.374408,-82.397977,Kenyon College,"Gambier, OH",Fewer students on campus,First-years and sophomores,7/14/2020,https://blogs.kenyon.edu/campus-report/post/2020-21-planning-update-for-students-and-families/,Yes,,,,,,1,43022,39083,,,,,,,,
11/18/2020,[Source](https://tsl.news/pitzer-to-be-online-only/),34.10372,-117.705674,Pitzer College,"Claremont, CA",All remote instruction,,7/14/2020,https://tsl.news/pitzer-to-be-online-only/,Yes,,,,Yes,,1,91711-6101,6037,,,,,,,,
11/18/2020,[Source](https://www.soka.edu/coronavirus-update),33.554025,-117.735472,Soka University of America,"Aliso Viejo, CA",All remote instruction,,7/10/2020,https://www.soka.edu/coronavirus-update,,,,,,,1,92656-8081,6059,,,,,,,,
11/18/2020,[Source](https://www.wcupa.edu/healthNotices/7.10Update.aspx),39.951125,-75.598009,West Chester University,"West Chester, PA",All remote instruction,,7/10/2020,https://www.wcupa.edu/healthNotices/7.10Update.aspx,Yes,,,,,,1,#N/A,#N/A,,,,,,,,
11/18/2020,[Source](https://static1.squarespace.com/static/5bf84b434611a034b52113b9/t/5f07145012b21d03521ab258/1594299472512/Formal+PQC+2020+Notification+Letter.pdf),32.678837,-96.755469,Paul Quinn College,"Dallas, TX",All remote instruction,,7/9/2020,https://static1.squarespace.com/static/5bf84b434611a034b52113b9/t/5f07145012b21d03521ab258/1594299472512/Formal+PQC+2020+Notification+Letter.pdf,Yes,,,,,,1,75241,48113,,,,,,,,
11/18/2020,[Source](https://tsl.news/pomona-online-only-close-campus-fall-2020/),34.094769,-117.714692,Pomona College,"Claremont, CA",All remote instruction,,7/8/2020,https://tsl.news/pomona-online-only-close-campus-fall-2020/,Yes,,,,,,1,91711-6319,6037,,,,,,,,
11/18/2020,[Source](https://tsl.news/scripps-to-close-campus-go-online-fall-semester/),34.103779,-117.710089,Scripps College,"Claremont, CA",All remote instruction,,7/8/2020,https://tsl.news/scripps-to-close-campus-go-online-fall-semester/,Yes,,ass,,,,1,91711-3905,6037,,,,,,,,
11/18/2020,[Source](http://news.hamptonu.edu/release/President%27s-Letter-to-the-HU-Community-07%7C01%7C2020),37.03393,-76.319456,Hampton University,"Hampton, VA",All remote instruction,,7/1/2020,http://news.hamptonu.edu/release/President%27s-Letter-to-the-HU-Community-07%7C01%7C2020,Yes,,,,,,1,23668-0099,51650,,,,,,,,
8/5/2020,[Source](https://coronavirus.usc.edu/2020/07/01/7-1-letter-on-student-housing-and-course-schedules/),34.021123,-118.287071,University of Southern California,"Los Angeles, CA",Most courses online,,7/1/2020,https://coronavirus.usc.edu/2020/07/01/7-1-letter-on-student-housing-and-course-schedules/,,,,,,,2,,,,,,,,,,
11/18/2020,[Source](https://news.byuh.edu/byu-hawaii-to-continue-remote-learning-fall-semester),21.642074,-157.92659,Brigham Young University-Hawaii,"Laie, HI",All remote instruction,,6/10/2020,https://news.byuh.edu/byu-hawaii-to-continue-remote-learning-fall-semester,,,,,Yes,,1,,,,,,,,,,
